period,ugs_id,network_id,N_interactions,P_plants,A_pollinators,L_links,singleton_rate,connectance,link_evenness,H2_specialization,WNODF_nestedness,plants_recorded,plant_records_rows,availability_sum,availability_n_nonmissing,share_interactions_species_id,share_taxa_species_id,share_bee_interactions,ugs_type,site_name,lat,lon,plant_trait_node_cov,plant_trait_weighted_cov,alien_share_unweighted,alien_share_weighted,flower_color_richness,symmetry_richness,pollination_syndrome_richness,plant_height_range,flowering_start_range,poll_trait_node_cov,poll_trait_weighted_cov,bee_trait_weighted_cov,bee_itd_range,bee_tongue_range,lecty_richness,nesting_richness,sociality_richness,botgarden_overlap_node,botgarden_overlap_weighted
A,1,A_1,66,9,11,17,0.6470588235294118,0.1717171717171717,0.7291958143097198,0.5226078766402514,NA,29,29,1417,15,1,1,0.9393939393939394,Allotment,Gartenareal Breitenstein,47.39364,8.51663,0.8888888888888888,0.9545454545454546,0.125,0.18181818181818182,4,2,2,1.5947559072284125,6,0.9090909090909091,0.9848484848484849,1,1.7384074074074078,3.3505939919594736,2,5,4,NA,NA
A,2,A_2,48,9,12,16,0.8125,0.14814814814814814,0.6709218442522425,0.6698915504307746,NA,20,20,471,9,1,1,0.8958333333333334,Allotment,Grubenacker,47.4177,8.55346,1,1,0.2222222222222222,0.625,5,2,3,1.515780601585831,1,0.8333333333333334,0.9583333333333334,1,3.574407407407408,8.022182141598384,2,3,3,NA,NA
A,3,A_3,44,11,13,19,0.7368421052631579,0.13286713286713286,0.7761894049042004,0.7653962044288519,NA,34,34,1392,9,0.9772727272727273,0.9230769230769231,0.9090909090909091,Allotment,Gartenareal Breitenstein,47.39403,8.51594,1,1,0.45454545454545453,0.6363636363636364,5,2,1,1.6220041648041703,6,0.8461538461538461,0.9545454545454546,1,2.46,5.58654992585358,2,3,3,NA,NA
A,4,A_4,19,8,9,11,0.7272727272727273,0.1527777777777778,0.8991586935932274,0.9113904109703598,NA,21,21,1948,10,1,1,0.8421052631578947,Allotment,Juchhof,47.39934,8.4781,1,1,0,0,4,2,2,3.08716666666667,2,0.8888888888888888,0.9473684210526315,1,4.124407407407408,8.747968330170234,1,3,3,NA,NA
A,5,A_5,18,4,7,9,0.6666666666666666,0.32142857142857145,0.8683849863095253,0.4308309871622568,NA,22,23,6413,8,0.9444444444444444,0.8571428571428571,0.7777777777777778,Allotment,Gartenareal Breitenstein,47.3938,8.51659,0.75,0.9444444444444444,0.3333333333333333,0.2222222222222222,2,1,1,0.25086806239737197,1,0.7142857142857143,0.8888888888888888,0.9285714285714286,1.0572109243697478,4.402522540927674,1,1,1,NA,NA
A,6,A_6,4,4,4,4,1,0.25,1,1,NA,20,20,95,3,1,1,0.5,Allotment,Juchhof,47.4014442872832,8.47412973187809,1,1,0.25,0.25,2,2,1,0.6950000000000002,2,0.75,0.75,0.6666666666666666,2.68,5.96221173708098,2,1,2,NA,NA
A,7,A_7,82,14,17,28,0.7142857142857143,0.11764705882352941,0.7976472409559505,0.7489270637118236,7.797356828193832,36,38,7444,10,1,1,0.8536585365853658,Allotment,Gemeinschaftsgarten Grünhölzli,47.38736,8.46865,0.8571428571428571,0.7926829268292683,0.3333333333333333,0.3780487804878049,5,2,1,0.886214285714286,2,0.7647058823529411,0.9512195121951219,0.9857142857142858,5.696,11.807477709022391,2,4,4,NA,NA
A,8,A_8,21,7,9,11,0.8181818181818182,0.1746031746031746,0.7848713619710965,0.755804914129296,NA,27,28,1594,10,0.9523809523809523,0.8888888888888888,0.7142857142857143,Allotment,Familiengartenverein Wiedikon,47.3591153,8.50162658610434,0.8571428571428571,0.9047619047619048,0.16666666666666666,0.047619047619047616,4,2,2,1.6087041648041702,4,0.5555555555555556,0.7619047619047619,1,2.46,5.7987062630625905,2,2,3,NA,NA
A,9,A_9,3,3,3,3,1,0.3333333333333333,0.9999999999999998,1,NA,28,29,138,6,1,1,0.3333333333333333,Allotment,Pauls Garden,47.36224,8.50003,1,1,0.3333333333333333,0.3333333333333333,3,1,2,1.3231617647058789,1,0.3333333333333333,0.3333333333333333,1,0,0,1,1,1,NA,NA
A,10,A_10,41,12,17,24,0.7916666666666666,0.11764705882352941,0.8911457659504219,0.7361771878342688,8.704620462046204,32,32,2070,17,0.975609756097561,0.9411764705882353,0.7560975609756098,Allotment,GZ Bachwiesen - Zürcher Gemeinschaftszentren,47.37907,8.48641,0.9166666666666666,0.975609756097561,0.2727272727272727,0.36585365853658536,4,2,2,2.431862745098036,4,0.7058823529411765,0.8780487804878049,1,3.784407407407408,8.297626343628624,1,2,3,NA,NA
A,11,A_11,11,6,5,8,0.75,0.26666666666666666,0.948450312207479,0.7424766738797569,NA,18,18,2898,7,0.6363636363636364,0.6,0.5454545454545454,Allotment,Familiengarten Heuelsteig,47.3683693914919,8.57004185552238,0.8333333333333334,0.9090909090909091,0.2,0.36363636363636365,3,2,1,1.478365275244862,2,0.6,0.6363636363636364,0.8333333333333334,0.18999999999999995,1.1435513113903601,1,1,2,NA,NA
A,12,A_12,19,8,7,10,0.7,0.17857142857142858,0.8603793885535265,0.8441564035455963,NA,22,22,472,11,0.7368421052631579,0.5714285714285714,0.7368421052631579,Allotment,Familiengarten Wehrenbach,47.35557,8.57667,0.875,0.9473684210526315,0,0,3,2,2,0.689236351270795,2,0.5714285714285714,0.7368421052631579,1,0.8199999999999998,2.27718892352562,2,3,2,NA,NA
A,13,A_13,30,9,11,23,0.782608695652174,0.23232323232323232,0.9704516348198235,0.5210524071632591,11.08058608058608,25,26,1010,15,1,1,0.8333333333333334,Real estate,Eisenbahnerstrasse,47.38901,8.49055,1,1,0.1111111111111111,0.16666666666666666,5,2,3,8.600206638793592,4,0.6363636363636364,0.8333333333333334,0.9615384615384616,2.46,5.58654992585358,2,3,4,NA,NA
A,14,A_14,22,7,13,17,0.8235294117647058,0.18681318681318682,0.9630081496538915,0.7918600902195213,NA,22,22,710,12,0.5454545454545454,0.6153846153846154,0.5909090909090909,Real estate,Regina Pärkli,47.41207,8.53283,0.8571428571428571,0.8636363636363636,0,0,3,2,2,1.9145168587033126,5,0.46153846153846156,0.45454545454545453,0.6153846153846154,1.1400000000000001,2.98578903248991,1,2,2,NA,NA
A,15,A_15,32,8,16,19,0.7894736842105263,0.1484375,0.8824957847315485,0.8703767770028139,NA,26,27,1048,9,0.84375,0.8125,0.65625,Real estate,Stüssistrasse,47.3933,8.54002,1,1,0.125,0.0625,5,2,2,6.267260869565206,3,0.625,0.75,0.9523809523809523,2.79,6.55891325549051,1,2,4,NA,NA
A,16,A_16,15,5,9,10,0.9,0.2222222222222222,0.8648307589022237,0.936676415288629,NA,14,15,1300,10,1,1,0.5333333333333333,Real estate,Grünau,47.39639,8.49091,1,1,0,0,4,1,2,8.740399568511172,4,0.5555555555555556,0.7333333333333333,1,1.8399999999999999,4.71667553439096,1,2,2,NA,NA
A,17,A_17,37,7,18,24,0.75,0.19047619047619047,0.9195447131943837,0.6058398141147996,4.597701149425287,15,16,9661,8,0.7027027027027027,0.5,0.5135135135135135,Real estate,Bernstrasse,47.40279,8.44555,1,1,0,0,3,2,3,0.5492908514695165,5,0.2777777777777778,0.5405405405405406,0.9047619047619048,1.6799999999999997,4.50833316170465,2,2,4,NA,NA
A,18,A_18,11,4,8,9,0.8888888888888888,0.28125,0.9549655329584326,0.8381792506124084,NA,15,15,776,12,0.9090909090909091,0.875,0.5454545454545454,Real estate,Färberstrasse,47.36174,8.54998,1,1,0,0,2,1,3,8.740399568511172,3,0.625,0.7272727272727273,1,3.784407407407408,8.297626343628624,1,2,2,NA,NA
A,19,A_19,39,9,19,24,0.7916666666666666,0.14035087719298245,0.9046639353778437,0.7596700565248253,3.140096618357488,19,19,454,8,0.9230769230769231,0.8421052631578947,0.7435897435897436,Real estate,Sägestrasse,47.39319,8.44674,1,1,0,0,4,2,3,4.0213381340922325,5,0.631578947368421,0.717948717948718,0.9655172413793104,3.33,7.347992949856869,2,3,4,NA,NA
A,20,A_20,39,12,12,22,0.7272727272727273,0.1527777777777778,0.9056086614053912,0.7814922780720226,3.409090909090909,22,26,2851,19,0.9743589743589743,0.9166666666666666,0.8205128205128205,Real estate,Genosseschaft in der Ey,47.37421,8.49236,1,1,0.08333333333333333,0.07692307692307693,5,2,3,3.026051742424243,5,0.5833333333333334,0.8461538461538461,0.96875,2.68,6.01486807428999,2,3,4,NA,NA
A,21,A_21,32,12,20,26,0.8076923076923077,0.10833333333333334,0.978931768404241,0.843146406552684,2.734375,24,24,2144,12,0.875,0.9,0.59375,Real estate,Waidspital,47.398,8.52109,1,1,0.08333333333333333,0.03125,4,2,3,9.113633030303044,3,0.7,0.75,0.8421052631578947,4.19,8.99952728926705,2,2,4,NA,NA
A,22,A_22,21,6,11,14,0.7142857142857143,0.21212121212121213,0.9440847282550953,0.7426769414707222,NA,18,22,754,12,1,1,0.7619047619047619,Real estate,Hägelerweg,47.36794,8.50046,1,1,0,0,4,2,2,0.6903374567099565,6,0.7272727272727273,0.8571428571428571,0.9411764705882353,3.784407407407408,8.297626343628624,2,2,4,NA,NA
A,23,A_23,132,5,12,14,0.5714285714285714,0.23333333333333334,0.4544794259635165,0.36520132398249694,NA,16,18,7379,12,0.9924242424242424,0.9166666666666666,0.9166666666666666,Real estate,Leimbachstrasse,47.33505,8.52019,1,1,0,0,3,2,2,3.1214832056737722,0,0.4166666666666667,0.9166666666666666,1,2.137210924369748,6.495484107465003,1,3,3,NA,NA
A,24,A_24,5,4,5,5,1,0.25,1.0000000000000002,1,NA,10,10,189,3,1,1,0.6,Real estate,Altwiesenstrasse,47.40297,8.57899,1,1,0.25,0.2,3,1,2,1.7100476496707424,4,0.8,0.8,1,3.04,7.46407593664537,2,3,3,NA,NA
A,26,A_26,71,10,12,22,0.5,0.18333333333333332,0.8418267675533149,0.7705227637730812,7.657657657657658,23,25,596,8,0.7746478873239436,0.8333333333333334,0.7605633802816901,Garden,Gladiolenweg,47.38128,8.49833,1,1,0,0,2,2,1,2.873212121212127,2,0.75,0.7605633802816901,1,4.124407407407408,8.800624667379244,1,4,3,NA,NA
A,27,A_27,42,13,19,26,0.9230769230769231,0.10526315789473684,0.8366712820019592,0.8630893055423577,0.8032128514056225,30,31,670,15,1,1,0.6904761904761905,Garden,Breitensteinstrasse,47.39275,8.52191,0.9230769230769231,0.9761904761904762,0,0,5,2,2,1.599241193558597,3,0.5789473684210527,0.8095238095238095,1,3.914407407407408,8.469106124845204,1,3,4,NA,NA
A,28,A_28,5,4,4,5,1,0.3125,1.0000000000000002,0.7918756684685216,NA,16,16,112,4,1,1,0.6,Garden,Kasinostrasse,47.3681,8.55506,1,1,0,0,3,1,2,5.717684450493282,3,0.5,0.6,1,0.81,1.0576935989761198,1,1,2,NA,NA
A,29,A_29,11,7,9,10,0.9,0.15873015873015872,0.9866599586738648,0.9287082776283172,NA,21,21,2988,11,1,1,0.7272727272727273,Garden,Bühlwiesenstrasse,47.41697,8.5472,1,1,0.42857142857142855,0.5454545454545454,4,2,2,0.8497806897926635,6,0.7777777777777778,0.8181818181818182,1,2.46,5.58654992585358,2,3,3,NA,NA
A,30,A_30,18,6,10,14,0.7142857142857143,0.23333333333333334,0.9784957360855949,0.6584030519973935,NA,26,27,696,5,0.8888888888888888,0.8,0.6666666666666666,Garden,Eleonorenstrasse,47.3731,8.55761,1,1,0.16666666666666666,0.16666666666666666,4,2,1,5.888252662556165,2,0.8,0.8888888888888888,1,3.914407407407408,8.469106124845204,1,3,2,NA,NA
A,31,A_31,16,6,9,11,0.8181818181818182,0.2037037037037037,0.910380032772053,0.8731204534693808,NA,15,16,490,12,0.9375,0.8888888888888888,0.75,Garden,Schützenmatt,47.40882,8.52423,1,1,0.16666666666666666,0.0625,3,2,2,11.857675686678732,1,0.5555555555555556,0.75,0.9166666666666666,1.1400000000000001,2.98578903248991,2,2,2,NA,NA
A,32,A_32,26,9,11,18,0.6666666666666666,0.18181818181818182,0.9657216453452796,0.6664120348986251,NA,32,33,480,9,0.8846153846153846,0.8181818181818182,0.7692307692307693,Garden,Kapfsteig,47.36071,8.56979,0.8888888888888888,0.9230769230769231,0.5,0.4230769230769231,4,2,2,5.958957546953946,3,0.5454545454545454,0.7692307692307693,0.95,2.25,5.25503138331954,1,2,3,NA,NA
A,33,A_33,2,2,1,2,1,1,1,NA,NA,23,23,440,8,1,1,1,Garden,Hardlaubstrasse 48,47.3840958192914,8.55396999567992,1,1,0,0,2,1,2,2.85399999999999,1,1,1,1,0,0,1,1,1,NA,NA
A,34,A_34,20,8,9,13,0.7692307692307693,0.18055555555555555,0.9043355924068645,0.7820038047499909,NA,22,24,529,13,0.95,0.8888888888888888,0.6,Garden,NA,47.33657,8.51649,1,1,0.375,0.2,3,2,3,7.9260517424242725,4,0.6666666666666666,0.75,1,2.25,5.25503138331954,2,2,3,NA,NA
A,35,A_35,25,11,13,17,0.7647058823529411,0.11888111888111888,0.9368342219691843,0.838889655807109,NA,25,25,1339,13,1,1,0.8,Garden,Hubenstrasse,47.4016,8.5695,1,1,0.18181818181818182,0.12,6,2,2,0.37534088888888806,2,0.6923076923076923,0.84,1,3.2800000000000002,7.33065630072365,2,3,3,NA,NA
A,36,A_36,20,6,9,11,0.8181818181818182,0.2037037037037037,0.8573539378464412,0.7453622907374472,NA,19,19,4335,11,1,1,0.9,Garden,Blüemlisalpstrasse,47.39129,8.54827,1,1,0.5,0.65,4,1,3,18.2144230769231,0,0.8888888888888888,0.95,1,4.79,10.22134372420287,1,2,4,NA,NA
A,37,A_37,19,6,10,14,0.7142857142857143,0.23333333333333334,0.9670442809186829,0.7277765403387221,NA,18,20,217,19,1,1,0.6842105263157895,Park,Alter Botantischer Garten,47.3712063,8.53370916,1,1,0.16666666666666666,0.15789473684210525,4,2,2,0.656603017937462,3,0.7,0.6842105263157895,1,3.2,7.09726910441909,2,2,4,NA,NA
A,38,A_38,22,8,12,17,0.7647058823529411,0.17708333333333334,0.9714028604103718,0.7837717811160824,NA,21,23,3420,15,0.9545454545454546,0.9166666666666666,0.9090909090909091,Park,Park Pfingstweid,47.3879955,8.51274138,1,1,0.125,0.18181818181818182,3,2,3,0.4716969037145655,6,0.8333333333333334,0.8636363636363636,0.95,5.13,10.72434204795349,1,3,4,NA,NA
A,39,A_39,23,10,8,14,0.6428571428571429,0.175,0.9327187108016005,0.681280922779248,NA,22,22,838,10,0.9130434782608695,0.75,0.782608695652174,Park,Zeughaushof,47.3771755,8.53009344,1,1,0.2,0.08695652173913043,5,2,3,12.011623881722743,5,0.5,0.782608695652174,1,3.059,7.52714021983858,1,2,2,NA,NA
A,40,A_40,14,6,9,12,0.9166666666666666,0.2222222222222222,0.9672960595199888,0.8044786504160365,NA,11,16,676,15,1,1,0.7142857142857143,Park,Josefwiese,47.3857731,8.52359424,1,1,0.16666666666666666,0.14285714285714285,4,2,3,7.462051742424222,3,0.7777777777777778,0.8571428571428571,1,2.81,7.0391460549098,2,3,4,NA,NA
A,41,A_41,22,3,6,8,0.5,0.4444444444444444,0.7772554591340425,0.6244849351494961,NA,4,4,1273,4,1,1,0.8636363636363636,Park,Pestalozianlage,47.375636,8.53877523,1,1,0.3333333333333333,0.7727272727272727,3,1,2,5.930000000000031,2,0.8333333333333334,0.9090909090909091,1,1.8682622950819672,4.669703204294415,1,1,2,NA,NA
A,42,A_42,58,11,12,21,0.5714285714285714,0.1590909090909091,0.7325723910923807,0.7291828279720489,7.644628099173554,11,11,3475,11,0.9482758620689655,0.75,0.8448275862068966,Park,Bäckeralage,47.3778306,8.52357823,0.8181818181818182,0.4827586206896552,0.2222222222222222,0.1206896551724138,4,2,3,12.011623881722743,4,0.4166666666666667,0.8275862068965517,0.9411764705882353,1.98,6.214866530171131,1,2,2,NA,NA
A,43,A_43,42,12,21,31,0.8387096774193549,0.12301587301587301,0.9423034319270029,0.7266316665681698,2.9287439613526574,26,33,2038,20,0.9761904761904762,0.9523809523809523,0.8333333333333334,Park,Villa Hohenbühl,47.3667038,8.55088549,0.9166666666666666,0.9761904761904762,0,0,4,2,3,11.932648576080162,1,0.7619047619047619,0.8571428571428571,0.9428571428571428,4.124407407407408,8.800624667379244,2,3,4,NA,NA
A,44,A_44,20,8,8,14,0.6428571428571429,0.21875,0.9676491409916022,0.6186001730266832,NA,18,19,1475,18,0.75,0.75,0.7,Park,Sonnenberg,47.3677599,8.56729097,1,1,0.125,0.05,5,2,3,0.727777902097902,2,0.625,0.65,0.7142857142857143,2.25,5.25503138331954,2,2,3,NA,NA
A,45,A_45,49,10,16,24,0.6666666666666666,0.15,0.8989436480097148,0.7342116715514305,10.727272727272727,19,20,3857,13,0.9591836734693877,0.875,0.7551020408163265,Park,Kloptstockwiese,47.36235,8.52484,1,1,0.2,0.24489795918367346,4,2,2,3.1675517424242328,4,0.5625,0.7551020408163265,0.9736842105263158,2.12,5.21697123802468,2,2,4,NA,NA
A,46,A_46,6,3,5,5,0.8,0.3333333333333333,0.9697238998682473,1,NA,18,18,354,9,0.8333333333333334,0.8,0.6666666666666666,Park,Muraltengut,47.3527107,8.53272972,1,1,0,0,3,2,2,0.22855271464646348,4,0.6,0.6666666666666666,1,1.93,3.9400002907126,1,2,2,NA,NA
A,47,A_47,25,10,15,16,0.875,0.10666666666666667,0.855670797313873,0.9302790039950156,NA,19,19,1780,15,0.96,0.9333333333333333,0.64,Park,Schärrerwiese,47.4027993,8.4975626,1,1,0,0,6,2,3,1.9677184090909126,5,0.8,0.88,1,3.0709999999999997,7.49419154518381,2,3,4,NA,NA
A,48,A_48,15,5,13,14,0.9285714285714286,0.2153846153846154,0.9911230603728024,0.9122202186899403,NA,15,15,1112,13,0.8666666666666667,0.8461538461538461,0.5333333333333333,Park,Bachwiesenpark,47.3813472,8.4865946,0.8,0.8666666666666667,0,0,2,2,2,0.3310673674242425,4,0.6923076923076923,0.7333333333333333,1,2.42,4.7781031113626895,1,2,4,NA,NA
A,49,A_49,29,9,18,22,0.8636363636363636,0.13580246913580246,0.9385120102342357,0.9120942084148672,0,20,21,1526,11,0.9310344827586207,0.8888888888888888,0.5517241379310345,Ruderal,Nähe Europabrücke,47.3935133,8.49692767,1,1,0.2222222222222222,0.20689655172413793,5,2,2,0.71073405242022,2,0.5555555555555556,0.6896551724137931,0.9473684210526315,3.534407407407408,8.421013124431184,2,3,4,NA,NA
A,50,A_50,57,9,21,28,0.8214285714285714,0.14814814814814814,0.8362068969438075,0.8427086459497322,2.710027100271003,19,19,2365,16,1,1,0.8070175438596491,Ruderal,Glattparkstrasse,47.4172938734014,8.56340153047356,0.8888888888888888,0.9473684210526315,0.25,0.40350877192982454,4,2,2,0.369964367816092,1,0.8095238095238095,0.9298245614035088,1,4.124407407407408,8.800624667379244,2,4,4,NA,NA
A,51,A_51,25,4,10,11,0.8181818181818182,0.275,0.7029297588429715,0.8516621430279149,NA,6,6,988,6,0.92,0.8,0.84,Ruderal,Stelzenstrasse,47.4254028,8.5568885,1,1,0,0,3,2,3,0.555997220836011,1,0.4,0.76,0.8636363636363636,1.277210924369748,4.830840689364084,2,2,2,NA,NA
A,52,A_52,32,7,7,13,0.9230769230769231,0.2653061224489796,0.6212221021803844,0.5085777793432469,NA,14,14,6078,9,1,1,0.84375,Ruderal,Güterstrasse,47.3822448636764,8.51737256111909,1,1,0.42857142857142855,0.84375,5,2,1,0.348125379913398,2,0.7142857142857143,0.9375,1,2.3500000000000005,4.52792383107901,1,1,2,NA,NA
A,53,A_53,31,9,16,22,0.8181818181818182,0.1527777777777778,0.9401635372628596,0.7634879168873341,8.226495726495727,16,16,2551,11,1,1,0.8064516129032258,Ruderal,Messe Hallenstadion /Cor: Offene Rennbahn,47.4104,8.55117,0.8888888888888888,0.967741935483871,0.125,0.0967741935483871,4,2,2,0.643884499418943,2,0.9375,0.967741935483871,1,3.914407407407408,8.469106124845204,2,3,4,NA,NA
A,54,A_54,30,8,14,19,0.631578947368421,0.16964285714285715,0.9482442870413175,0.7086899195099048,NA,24,24,1542,12,0.8333333333333334,0.7857142857142857,0.43333333333333335,Ruderal,Herdernstrasse,47.3852502,8.50731145,0.875,0.9666666666666667,0.14285714285714285,0.1,4,2,2,8.736345527236356,2,0.5714285714285714,0.6666666666666666,1,2.4000000000000004,5.54718591802254,2,2,3,NA,NA
A,55,A_55,21,7,9,12,0.75,0.19047619047619047,0.8744501897863957,0.8045628983551297,NA,16,16,3853,11,0.9047619047619048,0.8888888888888888,0.6666666666666666,Ruderal,Hinterhagenweg,47.3454633307774,8.51989234039952,1,1,0.14285714285714285,0.23809523809523808,4,2,3,0.30318331266021603,2,0.6666666666666666,0.8095238095238095,1,1.8114999999999999,4.402522540927674,1,1,1,NA,NA
A,56,A_56,43,9,12,16,0.5625,0.14814814814814814,0.8583651161655769,0.8668901592530686,NA,18,18,4034,12,0.9767441860465116,0.9166666666666666,0.9767441860465116,Ruderal,ETH / UZH,47.3751209,8.54730172,0.8888888888888888,0.9302325581395349,0.25,0.06976744186046512,4,2,2,0.19948548582995795,1,0.8333333333333334,0.9534883720930233,0.9761904761904762,4.412000000000001,10.128914894112292,2,2,3,NA,NA
A,57,A_57,47,7,19,26,0.6923076923076923,0.19548872180451127,0.9179811762447663,0.7000660741845306,8.697916666666666,9,9,2306,9,0.9361702127659575,0.8947368421052632,0.8085106382978723,Ruderal,Oberer Letten,47.3844714,8.53759346,1,1,0,0,4,2,3,5.636399696969684,1,0.7894736842105263,0.8936170212765957,0.9473684210526315,4.8100000000000005,10.114473756932592,3,4,4,NA,NA
A,58,A_58,33,8,14,18,0.8333333333333334,0.16071428571428573,0.8342684574820585,0.7465703075361255,NA,22,22,2404,12,0.9393939393939394,0.8571428571428571,0.9090909090909091,Ruderal,Allmannstrasse,47.4168364542774,8.55126416858936,1,1,0,0,4,2,2,0.8109025602867219,3,0.7142857142857143,0.8787878787878788,0.9333333333333333,3.784407407407408,8.815065804558945,3,2,3,NA,NA
A,59,A_59,11,5,5,7,0.5714285714285714,0.28,0.9487695103589051,1,NA,14,14,2751,8,1,1,0.7272727272727273,Ruderal,Hofwiesenstrasse,47.4045952,8.53645843,1,1,0.2,0.18181818181818182,3,2,2,15.609677419354801,1,0.6,0.8181818181818182,1,1.8114999999999999,4.57334772295826,1,2,2,NA,NA
A,60,A_60,2,2,2,2,1,0.5,1,1,NA,24,24,3670,16,0.5,0.5,0,Ruderal,Am Giessen,47.3996768,8.49474495,1,1,0,0,2,2,2,0.058259617131921015,1,0.5,0.5,NA,NA,NA,0,0,0,NA,NA
B,1,B_1,33,8,18,22,0.7272727272727273,0.1527777777777778,0.9493676133372201,0.6689158756016776,6.629834254143646,33,34,1121,10,0.8787878787878788,0.9444444444444444,0.6363636363636364,Allotment,Gartenareal Breitenstein,47.39364,8.51663,0.875,0.9393939393939394,0.2857142857142857,0.06060606060606061,5,2,3,0.6918549412391031,3,0.7222222222222222,0.696969696969697,1,3.9804824074074077,9.012781004588254,2,4,3,NA,NA
B,2,B_2,39,6,6,9,0.5555555555555556,0.25,0.7171986899932197,0.7755290795150888,NA,19,19,1361,12,0.7948717948717948,0.8333333333333334,0.717948717948718,Allotment,Grubenacker,47.4177,8.55346,0.6666666666666666,0.3076923076923077,0.5,0.05128205128205128,2,1,1,5.789672413793113,2,0.8333333333333334,0.7948717948717948,1,3.574407407407408,8.022182141598384,1,2,3,NA,NA
B,3,B_3,62,16,17,28,0.7857142857142857,0.10294117647058823,0.7676379607399405,0.705856196423553,6.184895833333334,47,47,1081,12,0.9838709677419355,0.9411764705882353,0.9516129032258065,Allotment,Gartenareal Breitenstein,47.39403,8.51594,0.9375,0.967741935483871,0.4666666666666667,0.7419354838709677,6,2,2,1.498741373789552,2,0.8823529411764706,0.967741935483871,0.9833333333333333,4.124407407407408,8.808952583270553,2,5,3,NA,NA
B,4,B_4,13,8,9,13,1,0.18055555555555555,1.0000000000000002,0.7538164289706335,NA,19,19,43,5,1,1,0.8461538461538461,Allotment,Juchhof,47.39934,8.4781,0.75,0.7692307692307693,0.16666666666666666,0.07692307692307693,3,1,2,1.520571635230058,2,0.8888888888888888,0.9230769230769231,1,3.984407407407408,9.071799655654383,1,3,3,NA,NA
B,5,B_5,19,7,9,11,0.7272727272727273,0.1746031746031746,0.8991586935932274,0.8720576204799562,NA,23,24,481,10,1,1,0.7368421052631579,Allotment,Gartenareal Breitenstein,47.3938,8.51659,0.7142857142857143,0.7368421052631579,1,0.7368421052631579,4,2,1,0.310577874706009,1,0.8888888888888888,0.9473684210526315,1,1.7144074074074078,3.311576525975873,1,3,3,NA,NA
B,6,B_6,25,5,5,8,0.625,0.32,0.7791068861989472,0.7178168856045506,NA,12,12,35,4,0.4,0.8,0.32,Allotment,Juchhof,47.4014442872832,8.47412973187809,0.8,0.84,0.25,0.04,2,1,1,6.00335209892155,2,0.6,0.36,1,1.1639999999999997,4.50079890936363,1,2,2,NA,NA
B,7,B_7,62,14,23,34,0.6764705882352942,0.10559006211180125,0.9324776320390211,0.6932941915082185,9.011627906976743,31,32,1613,18,0.967741935483871,0.9130434782608695,0.6612903225806451,Allotment,Gemeinschaftsgarten Grünhölzli,47.38736,8.46865,0.8571428571428571,0.9354838709677419,0.5,0.2903225806451613,6,1,2,0.507916666666668,2,0.7391304347826086,0.7580645161290323,0.8695652173913043,3.9804824074074077,9.038818853193831,2,3,3,NA,NA
B,8,B_8,40,12,20,31,0.9032258064516129,0.12916666666666668,0.9409737733241248,0.7104268226335143,6.751302083333334,41,41,827,7,0.975,0.95,0.675,Allotment,Familiengartenverein Wiedikon,47.3591153,8.50162658610434,0.9166666666666666,0.925,0.18181818181818182,0.125,3,2,2,3.5927184090909026,6,0.8,0.9,1,3.784407407407408,8.548707912437653,2,4,3,NA,NA
B,9,B_9,65,12,22,30,0.7666666666666667,0.11363636363636363,0.8595914140297989,0.6694228829122796,6.902356902356902,40,42,1496,17,1,1,0.8153846153846154,Allotment,Pauls Garden,47.36224,8.50003,0.9166666666666666,0.9846153846153847,0.6363636363636364,0.5846153846153846,5,2,1,1.9408520989215399,1,0.8181818181818182,0.9384615384615385,1,5.555999999999999,12.07865269729753,2,4,4,NA,NA
B,10,B_10,61,12,12,20,0.8,0.1388888888888889,0.7131576631497591,0.7068419869549675,9.343434343434344,25,25,1957,14,0.9672131147540983,0.8333333333333334,0.9016393442622951,Allotment,GZ Bachwiesen - Zürcher Gemeinschaftszentren,47.37907,8.48641,0.9166666666666666,0.7540983606557377,0.36363636363636365,0.5573770491803278,5,2,2,0.635357142857143,3,0.5833333333333334,0.9180327868852459,1,4.166,9.21850854352076,2,3,3,NA,NA
B,11,B_11,26,8,7,15,0.8,0.26785714285714285,0.8367085876654888,0.5808033559125971,NA,26,26,1127,15,1,1,0.7692307692307693,Allotment,Familiengarten Heuelsteig,47.3683693914919,8.57004185552238,0.75,0.8846153846153846,0.16666666666666666,0.15384615384615385,4,2,1,1.388550715674366,4,0.8571428571428571,0.9615384615384616,1,1.664407407407408,3.214074741525663,1,3,2,NA,NA
B,12,B_12,26,13,10,17,0.7058823529411765,0.13076923076923078,0.9395230524028948,0.7881940348934511,NA,33,33,1968,12,1,1,0.8461538461538461,Allotment,Familiengarten Wehrenbach,47.35557,8.57667,1,1,0.07692307692307693,0.038461538461538464,4,2,2,11.926051742424242,5,0.8,0.9230769230769231,1,2.68,5.96221173708098,2,2,3,NA,NA
B,13,B_13,34,9,12,17,0.8823529411764706,0.1574074074074074,0.8003320149531551,0.8397431219648007,NA,21,21,2730,14,0.9705882352941176,0.9166666666666666,0.7058823529411765,Real estate,Eisenbahnerstrasse,47.38901,8.49055,0.8888888888888888,0.9411764705882353,0.125,0.029411764705882353,3,2,3,0.3811632962091035,5,0.8333333333333334,0.9411764705882353,1,3.2794999999999996,5.08976399439551,1,2,3,NA,NA
B,14,B_14,54,12,23,32,0.8125,0.11594202898550725,0.887218214270692,0.7456300609573502,4.1200179131213615,20,32,2717,20,0.9259259259259259,0.8695652173913043,0.7777777777777778,Real estate,Regina Pärkli,47.41207,8.53283,0.9166666666666666,0.9814814814814815,0.09090909090909091,0.037037037037037035,5,2,2,3.1675517424242328,5,0.5652173913043478,0.7962962962962963,0.9523809523809523,4.6000000000000005,9.782955214398552,2,4,3,NA,NA
B,15,B_15,34,7,7,12,0.5833333333333334,0.24489795918367346,0.8485186924391224,0.596241369442253,NA,25,25,1574,15,1,1,0.9705882352941176,Real estate,Stüssistrasse,47.3933,8.54002,1,1,0.14285714285714285,0.2647058823529412,3,2,1,0.179522686310707,1,1,1,1,2.137210924369748,6.495484107465003,2,3,3,NA,NA
B,16,B_16,53,8,9,15,0.6666666666666666,0.20833333333333334,0.7124542880392755,0.5265619015731842,NA,16,18,452,10,1,1,1,Real estate,Grünau,47.39639,8.49091,1,1,0.125,0.41509433962264153,4,2,2,3.244407297979783,5,1,1,1,3.476075,8.04581096168328,2,3,4,NA,NA
B,17,B_17,43,13,16,24,0.75,0.11538461538461539,0.8910721859656359,0.8225934242839282,3.956228956228956,28,35,1964,19,0.9534883720930233,0.875,0.8372093023255814,Real estate,Bernstrasse,47.40279,8.44555,0.9230769230769231,0.9767441860465116,0.08333333333333333,0.06976744186046512,4,2,2,3.026051742424243,5,0.75,0.9069767441860465,0.9722222222222222,3.1044074074074075,7.411412525869084,2,4,4,NA,NA
B,18,B_18,32,9,12,20,0.85,0.18518518518518517,0.8528185338052203,0.7537644023701076,3.4313725490196076,17,17,23212,12,0.96875,0.9166666666666666,0.75,Real estate,Färberstrasse,47.36174,8.54998,1,1,0.2222222222222222,0.09375,3,2,3,0.2443364215132685,5,0.8333333333333334,0.9375,0.9583333333333334,3.2,7.679670851956919,2,4,3,NA,NA
B,19,B_19,69,10,22,33,0.7878787878787878,0.15,0.8214893584741693,0.6237184385956565,4.097653554175293,22,30,4841,16,0.9710144927536232,0.9545454545454546,0.7536231884057971,Real estate,Sägestrasse,47.39319,8.44674,1,1,0.1,0.08695652173913043,4,2,2,3.1675517424242328,4,0.7272727272727273,0.8985507246376812,1,4.1615,8.725261615422431,3,5,4,NA,NA
B,20,B_20,42,12,9,18,0.6666666666666666,0.16666666666666666,0.837984552626556,0.669211466932991,NA,23,24,700,13,1,1,0.9523809523809523,Real estate,Genosseschaft in der Ey,47.37421,8.49236,1,1,0,0,5,2,2,2.999552067675896,3,0.8888888888888888,0.9761904761904762,1,4.470000000000001,9.61147543318197,2,4,4,NA,NA
B,21,B_21,45,12,27,34,0.8235294117647058,0.10493827160493827,0.9626212895389794,0.8213841188117471,3.237410071942446,23,27,12994,17,0.9555555555555556,0.9629629629629629,0.6666666666666666,Real estate,Waidspital,47.398,8.52109,0.9166666666666666,0.9555555555555556,0.09090909090909091,0.1111111111111111,5,2,2,3.118031593406583,2,0.6666666666666666,0.7111111111111111,0.875,4.124407407407408,8.800624667379244,3,6,5,NA,NA
B,22,B_22,39,9,7,12,0.6666666666666666,0.19047619047619047,0.720402352102175,0.6966029650127581,NA,23,23,2921,15,1,1,1,Real estate,Hägelerweg,47.36794,8.50046,1,1,0.2222222222222222,0.4358974358974359,4,2,2,2.3218850757575726,6,1,1,1,3.914407407407408,8.469106124845204,1,4,3,NA,NA
B,23,B_23,46,7,10,14,0.5714285714285714,0.2,0.8003256961921292,0.7814758224713413,NA,18,18,1259,8,0.6521739130434783,0.9,0.5217391304347826,Real estate,Leimbachstrasse,47.33505,8.52019,1,1,0.14285714285714285,0.021739130434782608,4,2,2,3.8180922284718526,6,0.9,0.6521739130434783,1,2.3500000000000005,4.52792383107901,1,3,2,NA,NA
B,24,B_24,37,8,14,16,0.8125,0.14285714285714285,0.6912919772332695,0.6871087432340877,NA,18,18,354,6,1,1,0.8108108108108109,Real estate,Altwiesenstrasse,47.40297,8.57899,1,1,0.125,0.02702702702702703,3,2,2,3.1435438301279763,3,0.6428571428571429,0.8378378378378378,1,2.25,5.684902498739031,1,2,3,NA,NA
B,26,B_26,61,8,23,33,0.7575757575757576,0.1793478260869565,0.8778044264998073,0.5214404753235775,10.92526690391459,18,24,351,14,1,1,0.6721311475409836,Garden,Gladiolenweg,47.38128,8.49833,1,1,0.25,0.14754098360655737,4,2,2,2.290929040650093,2,0.7391304347826086,0.7868852459016393,1,2.7600000000000002,5.7987062630625905,1,4,4,NA,NA
B,27,B_27,44,9,16,23,0.6956521739130435,0.1597222222222222,0.8633814260002158,0.47260370538793334,10.576923076923077,28,29,20995,9,0.9545454545454546,0.9375,0.8409090909090909,Garden,Breitensteinstrasse,47.39275,8.52191,1,1,0.2222222222222222,0.045454545454545456,4,2,1,1.545235758210763,2,0.75,0.8409090909090909,1,3.62,8.071848810288857,1,4,4,NA,NA
B,28,B_28,9,3,8,8,0.875,0.3333333333333333,0.9825675930733636,1,NA,16,16,1766,11,0.7777777777777778,0.875,0.7777777777777778,Garden,Kasinostrasse,47.3681,8.55506,1,1,0,0,3,1,2,6.0220517424242725,4,0.75,0.6666666666666666,0.7142857142857143,3,6.96378023301165,1,3,4,NA,NA
B,29,B_29,7,3,5,6,0.8333333333333334,0.4,0.9755037590061084,0.714563338398517,NA,25,25,290,6,1,1,0.2857142857142857,Garden,Bühlwiesenstrasse,47.41697,8.5472,1,1,0.3333333333333333,0.5714285714285714,2,2,1,0.18301343352965804,1,1,1,1,0.5844074074074079,1.1211131749883343,1,1,1,NA,NA
B,30,B_30,37,9,10,17,0.7058823529411765,0.18888888888888888,0.8547285310635068,0.6792890654628444,NA,28,28,3090,7,1,1,0.918918918918919,Garden,Eleonorenstrasse,47.3731,8.55761,1,1,0.3333333333333333,0.43243243243243246,4,2,1,2.211596718152829,3,1,1,1,3.914407407407408,8.469106124845204,2,3,3,NA,NA
B,31,B_31,33,9,11,16,0.875,0.16161616161616163,0.7195313457391909,0.759962336932794,NA,21,32,861,14,0.9696969696969697,0.9090909090909091,0.8181818181818182,Garden,Schützenmatt,47.40882,8.52423,1,1,0.1111111111111111,0.12121212121212122,3,2,2,1.436204164804171,3,0.5454545454545454,0.8181818181818182,1,3.726407407407408,8.410983075335913,1,3,4,NA,NA
B,32,B_32,37,13,12,20,0.7,0.1282051282051282,0.913759990330656,0.812094049877252,6.597222222222222,31,31,1024,14,1,1,0.8648648648648649,Garden,Kapfsteig,47.36071,8.56979,0.8461538461538461,0.9459459459459459,0.45454545454545453,0.2972972972972973,5,2,1,2.108957546953916,4,0.75,0.8918918918918919,1,3.784407407407408,8.297626343628624,2,3,3,NA,NA
B,33,B_33,28,10,8,17,0.6470588235294118,0.2125,0.946633990665932,0.6879472289246198,NA,25,29,1252,10,1,1,0.8214285714285714,Garden,Hardlaubstrasse 48,47.3840958192914,8.55396999567992,1,1,0.3,0.4642857142857143,3,2,2,0.7260517424242425,5,0.875,0.9642857142857143,1,4.470000000000001,9.61147543318197,1,3,3,NA,NA
B,34,B_34,13,9,10,13,1,0.14444444444444443,1.0000000000000002,0.8475254479299283,NA,22,22,364,8,1,1,0.8461538461538461,Garden,NA,47.33657,8.51649,0.8888888888888888,0.9230769230769231,0.125,0.15384615384615385,5,2,3,1.590701865953595,3,0.9,0.9230769230769231,1,3,6.96378023301165,2,4,4,NA,NA
B,35,B_35,43,15,21,28,0.75,0.08888888888888889,0.9099918023053244,0.789653965298258,3.0952380952380953,30,34,4504,17,1,1,0.7209302325581395,Garden,Hubenstrasse,47.4016,8.5695,1,1,0.06666666666666667,0.023255813953488372,6,2,2,0.7898992260398301,2,0.8095238095238095,0.9069767441860465,0.96875,3.5664000000000007,8.983424934111198,3,5,4,NA,NA
B,36,B_36,6,3,4,4,0.5,0.3333333333333333,0.9591479170272448,1,NA,16,16,67,5,1,1,0.8333333333333334,Garden,Blüemlisalpstrasse,47.39129,8.54827,1,1,0,0,2,2,1,0.515241750615576,2,0.75,0.8333333333333334,1,1.65,3.8900855541997696,1,2,3,NA,NA
B,37,B_37,22,11,10,19,0.8421052631578947,0.17272727272727273,0.9855875206580609,0.672390954026257,NA,25,25,4186,11,0.8636363636363636,0.8,0.8181818181818182,Park,Alter Botantischer Garten,47.3712063,8.53370916,0.9090909090909091,0.9090909090909091,0.2,0.13636363636363635,6,2,1,3.112718409090913,5,0.8,0.8636363636363636,0.9444444444444444,3.4072109243697484,8.930446372006685,1,2,3,NA,NA
B,38,B_38,20,4,3,6,0.3333333333333333,0.5,0.797289727363051,0.308155842433065,NA,22,22,1813,11,1,1,1,Park,Park Pfingstweid,47.3879955,8.51274138,1,1,0.25,0.55,3,2,2,0.273154941239103,1,1,1,1,2.3500000000000005,4.52792383107901,1,1,2,NA,NA
B,39,B_39,31,9,9,13,0.6153846153846154,0.16049382716049382,0.8508659005633871,0.84122877079086,NA,27,27,1439,9,1,1,0.9032258064516129,Park,Zeughaushof,47.3771755,8.53009344,1,1,0.1111111111111111,0.03225806451612903,5,2,2,0.9260517424242425,5,0.8888888888888888,0.967741935483871,1,4.037407407407407,8.297626343628624,2,2,3,NA,NA
B,40,B_40,12,3,6,9,0.6666666666666666,0.5,0.973197315178593,0.38625344285713,NA,10,11,420,3,1,1,0.4166666666666667,Park,Josefwiese,47.3857731,8.52359424,1,1,0,0,1,2,2,0.15834171495593152,4,0.6666666666666666,0.75,1,2.12,5.08355160210296,1,2,2,NA,NA
B,41,B_41,5,2,1,2,0,1,0.9709505944546688,NA,NA,3,3,59,1,1,1,1,Park,Pestalozianlage,47.375636,8.53877523,1,1,0,0,1,1,1,1.1125,0,1,1,1,0,0,1,1,1,NA,NA
B,42,B_42,6,2,4,4,0.75,0.5,0.8962406251802889,1,NA,7,7,263,2,0.8333333333333334,0.75,0,Park,Bäckeralage,47.3778306,8.52357823,1,1,0,0,1,1,1,0.5857739646464645,4,0,0,0,NA,NA,0,0,0,NA,NA
B,43,B_43,28,8,13,18,0.7222222222222222,0.17307692307692307,0.9160361168384821,0.7832926473349536,NA,17,18,477,11,0.9642857142857143,0.9230769230769231,0.6428571428571429,Park,Villa Hohenbühl,47.3667038,8.55088549,0.875,0.9642857142857143,0.14285714285714285,0.03571428571428571,4,2,2,0.38962461251459546,5,0.8461538461538461,0.8571428571428571,1,3.8000000000000007,8.45689916327193,3,5,4,NA,NA
B,44,B_44,50,12,20,26,0.7692307692307693,0.10833333333333334,0.8605342679158738,0.8681859610496685,2.5390625,17,20,4554,14,0.96,0.9,0.78,Park,Sonnenberg,47.3677599,8.56729097,0.9166666666666666,0.96,0.18181818181818182,0.14,4,2,2,2.91038774047188,2,0.7,0.84,1,4.73,10.1146331164986,2,4,3,NA,NA
B,45,B_45,56,9,13,17,0.8235294117647058,0.1452991452991453,0.6791561033498386,0.8147739013962084,NA,17,18,737,11,1,1,0.875,Park,Kloptstockwiese,47.36235,8.52484,0.7777777777777778,0.44642857142857145,0.14285714285714285,0.017857142857142856,3,2,2,0.716499535603716,2,0.8461538461538461,0.9642857142857143,1,4.486,10.472425293011899,2,3,4,NA,NA
B,46,B_46,80,13,20,29,0.7586206896551724,0.11153846153846154,0.7672543613851636,0.605612839914756,8.146766169154228,23,40,5239,21,1,1,0.8125,Park,Muraltengut,47.3527107,8.53272972,0.9230769230769231,0.8875,0,0,5,2,3,3.0963614942528848,2,0.75,0.9375,0.9848484848484849,3.928,8.43009235993223,1,5,3,NA,NA
B,47,B_47,36,11,15,24,0.75,0.14545454545454545,0.9366823551705925,0.7003575633034343,8.75,20,26,3873,20,1,1,0.8055555555555556,Park,Schärrerwiese,47.4027993,8.4975626,1,1,0,0,6,2,3,7.101051742424212,4,0.8,0.9166666666666666,1,3.928,8.377276663157211,4,4,4,NA,NA
B,48,B_48,44,11,18,26,0.7692307692307693,0.13131313131313133,0.876104887263251,0.7720875509108975,4.967948717948719,18,19,8212,13,0.9318181818181818,0.8333333333333334,0.7727272727272727,Park,Bachwiesenpark,47.3813472,8.4865946,0.8181818181818182,0.9090909090909091,0,0,3,2,3,1.9723629561028224,5,0.7222222222222222,0.8863636363636364,0.9428571428571428,4.8100000000000005,10.061817419723582,1,3,4,NA,NA
B,49,B_49,34,9,14,19,0.7368421052631579,0.15079365079365079,0.8904633544579132,0.8465683551830919,NA,19,19,4385,15,0.9705882352941176,0.9285714285714286,0.6764705882352942,Ruderal,Nähe Europabrücke,47.3935133,8.49692767,1,1,0.1111111111111111,0.029411764705882353,4,2,2,0.577484992784993,2,0.7142857142857143,0.8823529411764706,1,4.470000000000001,9.61147543318197,2,2,3,NA,NA
B,50,B_50,17,7,11,12,0.75,0.15584415584415584,0.9432680223653439,0.9526824187213212,NA,22,22,16933,15,0.9411764705882353,0.9090909090909091,0.35294117647058826,Ruderal,Glattparkstrasse,47.4172938734014,8.56340153047356,1,1,0,0,4,2,2,0.21214177884615398,2,0.7272727272727273,0.7058823529411765,1,3.7560000000000002,8.43508061838926,1,2,2,NA,NA
B,51,B_51,32,10,13,17,0.8235294117647058,0.13076923076923078,0.8216487155433099,0.8665594641604504,NA,19,19,2640,12,0.96875,0.9230769230769231,0.875,Ruderal,Stelzenstrasse,47.4254028,8.5568885,1,1,0.1,0.15625,4,2,3,0.665267944677388,2,0.7692307692307693,0.90625,0.9642857142857143,3.74,8.34200546723093,2,2,3,NA,NA
B,52,B_52,78,14,19,34,0.6470588235294118,0.12781954887218044,0.8541080670718304,0.6543790118062254,10.846055979643767,26,26,15283,19,1,1,0.9487179487179487,Ruderal,Güterstrasse,47.3822448636764,8.51737256111909,0.9285714285714286,0.9615384615384616,0.15384615384615385,0.14102564102564102,4,2,2,0.580179107905769,2,0.9473684210526315,0.9871794871794872,1,4.7802500000000006,10.327890676330716,3,4,3,NA,NA
B,53,B_53,56,9,11,19,0.631578947368421,0.1919191919191919,0.7733995226233459,0.5590996352877757,NA,19,20,2313,17,0.9821428571428571,0.9090909090909091,0.9821428571428571,Ruderal,Messe Hallenstadion /Cor: Offene Rennbahn,47.4104,8.55117,1,1,0.2222222222222222,0.625,5,2,3,0.36950882517184297,1,0.8181818181818182,0.9642857142857143,0.9818181818181818,3.504407407407408,7.9307502759166235,1,2,4,NA,NA
B,54,B_54,25,5,11,14,0.7857142857142857,0.2545454545454545,0.8490113885736779,0.5554754291845526,NA,12,12,1485,6,0.96,0.9090909090909091,0.88,Ruderal,Herdernstrasse,47.3852502,8.50731145,0.8,0.72,0,0,2,2,2,0.38562007601162696,1,0.9090909090909091,0.96,0.9565217391304348,4.1615,8.911729960598803,2,4,3,NA,NA
B,55,B_55,72,14,12,25,0.64,0.1488095238095238,0.7293689116727258,0.5013753462214657,20.169851380042466,28,28,576,13,1,1,0.8611111111111112,Ruderal,Hinterhagenweg,47.3454633307774,8.51989234039952,0.9285714285714286,0.9722222222222222,0,0,5,2,2,0.613456563351315,3,0.75,0.9166666666666666,1,3.3444074074074077,7.722407903230314,2,2,3,NA,NA
B,56,B_56,52,14,21,27,0.6666666666666666,0.09183673469387756,0.916088641098169,0.8569314994448773,1.6611295681063123,33,33,761,22,1,1,0.9423076923076923,Ruderal,ETH / UZH,47.3751209,8.54730172,1,1,0.07142857142857142,0.057692307692307696,5,2,2,0.665267944677388,2,0.9047619047619048,0.9615384615384616,1,4.986075,10.9364983851625,3,5,5,NA,NA
B,57,B_57,63,11,14,24,0.625,0.15584415584415584,0.8324403004917279,0.643702203030336,12.785388127853881,21,24,2571,17,0.9682539682539683,0.8571428571428571,0.9365079365079365,Ruderal,Oberer Letten,47.3844714,8.53759346,1,1,0.18181818181818182,0.12698412698412698,6,2,3,0.582746097159455,3,0.7857142857142857,0.9523809523809523,0.9830508474576272,4.470000000000001,9.61147543318197,3,3,3,NA,NA
B,58,B_58,102,12,29,40,0.725,0.11494252873563218,0.7761335412162602,0.5371452218555239,7.051553672316383,27,27,6408,12,0.9019607843137255,0.896551724137931,0.7352941176470589,Ruderal,Allmannstrasse,47.4168364542774,8.55126416858936,1,1,0.3333333333333333,0.11764705882352941,5,2,2,0.6139246258432309,2,0.7241379310344828,0.8137254901960784,0.9746835443037974,5.696,12.045671894836978,2,4,3,NA,NA
B,59,B_59,53,11,19,30,0.6333333333333333,0.14354066985645933,0.9184263280871257,0.5548649416468079,8.591445427728614,17,17,4835,10,1,1,0.8867924528301887,Ruderal,Hofwiesenstrasse,47.4045952,8.53645843,0.9090909090909091,0.9811320754716981,0.1,0.41509433962264153,4,2,2,1.751047619047621,2,0.7368421052631579,0.8867924528301887,0.9791666666666666,4.19,8.99952728926705,2,2,3,NA,NA
B,60,B_60,21,8,9,13,0.8461538461538461,0.18055555555555555,0.8523911818425834,0.8025450028946841,NA,14,15,1346,4,1,1,0.6190476190476191,Ruderal,Am Giessen,47.3996768,8.49474495,0.75,0.8571428571428571,0,0,3,2,2,2.895288035527703,2,0.8888888888888888,0.9523809523809523,1,3.33,7.687839408282219,1,4,3,NA,NA
C,1,C_1,16,7,7,10,0.8,0.20408163265306123,0.8962316210409821,0.8243492704304525,NA,25,25,280,13,1,1,0.8125,Allotment,Gartenareal Breitenstein,47.39364,8.51663,1,1,0.2857142857142857,0.375,4,1,3,1.3588097458886599,2,1,1,1,3.574407407407408,8.022182141598384,1,2,3,NA,NA
C,2,C_2,36,11,21,27,0.8518518518518519,0.11688311688311688,0.9543537656746176,0.7490000763126156,4.415094339622642,42,43,1591,17,1,1,0.5833333333333334,Allotment,Grubenacker,47.4177,8.55346,1,1,0.2727272727272727,0.4722222222222222,4,2,2,1.220924242424243,3,0.7619047619047619,0.7777777777777778,1,5.13,10.72434204795349,1,3,3,NA,NA
C,3,C_3,79,15,18,31,0.7096774193548387,0.11481481481481481,0.8146710417233707,0.6118536711442857,7.493540051679586,48,48,3094,14,1,1,0.9746835443037974,Allotment,Gartenareal Breitenstein,47.39403,8.51594,1,1,0.3333333333333333,0.6962025316455697,5,1,2,0.7616193099918105,5,1,1,1,5.023,10.521432271364434,2,4,4,NA,NA
C,4,C_4,8,2,6,6,0.8333333333333334,0.5,0.9306282244165778,1,NA,28,28,59,6,1,1,0.625,Allotment,Juchhof,47.39934,8.4781,1,1,1,1,2,2,1,0.178782608695652,1,0.8333333333333334,0.875,1,2.46,5.58654992585358,1,2,2,NA,NA
C,5,C_5,28,7,10,14,0.6428571428571429,0.2,0.8683084610040522,0.69879569595466,NA,26,26,739,8,1,1,0.9285714285714286,Allotment,Gartenareal Breitenstein,47.3938,8.51659,1,1,0.5714285714285714,0.35714285714285715,4,2,1,0.15285231079623396,1,0.8,0.9285714285714286,1,2.4419999999999997,5.957130832318731,1,3,4,NA,NA
C,6,C_6,7,3,4,5,0.8,0.4166666666666667,0.9165164431996023,1,NA,10,10,32,3,1,1,1,Allotment,Juchhof,47.4014442872832,8.47412973187809,0.6666666666666666,0.7142857142857143,1,0.7142857142857143,1,1,1,1.2137699960921,1,1,1,1,3.1044074074074075,7.411412525869084,1,2,3,NA,NA
C,7,C_7,97,18,24,44,0.8181818181818182,0.10185185185185185,0.7899175439719629,0.7373593248527176,3.1857031857031854,47,47,1181,14,1,1,0.8969072164948454,Allotment,Gemeinschaftsgarten Grünhölzli,47.38736,8.46865,0.9444444444444444,0.9896907216494846,0.29411764705882354,0.38144329896907214,5,2,2,0.652270522687189,3,0.7916666666666666,0.9484536082474226,1,4.3500000000000005,9.4474980262618,3,5,4,NA,NA
C,8,C_8,14,6,5,8,0.625,0.26666666666666666,0.897460200818325,0.8410226080635421,NA,21,21,312,7,1,1,0.9285714285714286,Allotment,Familiengartenverein Wiedikon,47.3591153,8.50162658610434,1,1,0.16666666666666666,0.21428571428571427,3,2,3,0.43629564486326644,5,1,1,1,3.718,8.098414457832181,1,3,2,NA,NA
C,9,C_9,148,12,22,40,0.675,0.15151515151515152,0.6624809455263859,0.4952205526470196,14.010475121586234,53,53,3641,20,0.9864864864864865,0.9545454545454546,0.9121621621621622,Allotment,Pauls Garden,47.36224,8.50003,0.8333333333333334,0.972972972972973,0.3,0.033783783783783786,3,1,1,1.358599210516527,3,0.6818181818181818,0.9391891891891891,0.9851851851851852,3.54,7.679511492390909,2,4,4,NA,NA
C,10,C_10,120,22,23,46,0.5869565217391305,0.09090909090909091,0.8492409494764195,0.6756139138133664,9.259641873278238,38,39,3144,18,0.9916666666666667,0.9565217391304348,0.8666666666666667,Allotment,GZ Bachwiesen - Zürcher Gemeinschaftszentren,47.37907,8.48641,0.9545454545454546,0.975,0.23809523809523808,0.225,4,2,2,2.03691372553782,3,0.8260869565217391,0.9666666666666667,0.9903846153846154,3.928,8.43826091625753,3,5,5,NA,NA
C,11,C_11,22,9,8,13,0.6923076923076923,0.18055555555555555,0.9070523152537534,0.8376576406271609,NA,27,27,84,6,0.9545454545454546,0.875,1,Allotment,Familiengarten Heuelsteig,47.3683693914919,8.57004185552238,0.8888888888888888,0.8636363636363636,0.5,0.6363636363636364,5,2,1,0.774248387096769,6,0.875,0.9545454545454546,0.9545454545454546,3.914407407407408,8.469106124845204,1,3,3,NA,NA
C,12,C_12,41,15,17,23,0.782608695652174,0.09019607843137255,0.838977182086655,0.7923526055956219,2.6279391424619636,38,39,1140,9,0.975609756097561,0.9411764705882353,0.975609756097561,Allotment,Familiengarten Wehrenbach,47.35557,8.57667,0.9333333333333333,0.975609756097561,0.2857142857142857,0.5609756097560976,4,2,2,0.789781593406593,2,0.8235294117647058,0.926829268292683,0.95,5.696,11.754821371813382,3,4,5,NA,NA
C,13,C_13,87,10,18,27,0.6666666666666666,0.15,0.7105780833816224,0.7097676448830976,7.171717171717172,16,19,4229,12,0.9885057471264368,0.9444444444444444,0.8735632183908046,Real estate,Eisenbahnerstrasse,47.38901,8.49055,0.9,0.9885057471264368,0.1111111111111111,0.011494252873563218,4,2,2,0.6039708832680879,3,0.6666666666666666,0.896551724137931,0.9743589743589743,2.42,5.59487784174489,2,3,5,NA,NA
C,14,C_14,18,9,5,12,0.75,0.26666666666666666,0.9212712133524714,0.8395036366393074,NA,32,32,990,12,0.6666666666666666,0.6,0.6111111111111112,Real estate,Regina Pärkli,47.41207,8.53283,1,1,0,0,5,2,2,0.379617330316742,3,0.6,0.6666666666666666,0.9090909090909091,1.08,2.092961566537329,1,2,2,NA,NA
C,15,C_15,31,7,9,12,0.75,0.19047619047619047,0.7542516905788822,0.7293658680218983,NA,28,31,565,11,1,1,1,Real estate,Stüssistrasse,47.3933,8.54002,1,1,0,0,4,2,2,0.6851375,3,1,1,1,4.92,10.39282350541945,2,3,4,NA,NA
C,16,C_16,50,7,13,18,0.6111111111111112,0.1978021978021978,0.7798933285061546,0.6798272939179655,NA,16,23,3846,14,0.98,0.9230769230769231,0.94,Real estate,Grünau,47.39639,8.49091,1,1,0,0,6,2,3,0.397679451043024,3,0.8461538461538461,0.96,1,4.0600000000000005,8.82804750805047,1,3,3,NA,NA
C,17,C_17,46,11,15,22,0.7727272727272727,0.13333333333333333,0.8334001429769246,0.7846630861318563,8.125,25,27,5797,12,1,1,0.8043478260869565,Real estate,Bernstrasse,47.40279,8.44555,0.9090909090909091,0.9782608695652174,0,0,5,2,3,0.555334768009768,2,0.8,0.9347826086956522,1,3.0700000000000003,7.05521209869341,1,4,4,NA,NA
C,18,C_18,43,8,15,20,0.7,0.16666666666666666,0.8601105237111479,0.7725853154352021,6.7669172932330826,16,17,7492,14,1,1,0.5581395348837209,Real estate,Färberstrasse,47.36174,8.54998,1,1,0,0,4,2,2,2.067454941286726,2,0.8,0.8837209302325582,1,3.2,7.176513168640289,1,3,2,NA,NA
C,19,C_19,25,13,14,21,0.8095238095238095,0.11538461538461539,0.984413414055871,0.7875650646516913,2.9585798816568047,21,22,523,10,1,1,0.64,Real estate,Sägestrasse,47.39319,8.44674,1,1,0.07692307692307693,0.08,4,2,2,0.744722109013051,2,0.7857142857142857,0.88,0.9473684210526315,2.46,5.58654992585358,1,3,3,NA,NA
C,20,C_20,93,14,15,29,0.5517241379310345,0.1380952380952381,0.8268404125244988,0.49824435498869646,15.136054421768709,31,37,13052,10,0.989247311827957,0.9333333333333333,0.956989247311828,Real estate,Genosseschaft in der Ey,47.37421,8.49236,0.9285714285714286,0.946236559139785,0.15384615384615385,0.10752688172043011,5,2,3,1.653988274572436,4,0.8,0.967741935483871,0.9887640449438202,4.124407407407408,8.800624667379244,2,3,3,NA,NA
C,21,C_21,62,12,16,27,0.7407407407407407,0.140625,0.8381199153051218,0.6489447816870512,7.526881720430108,25,25,1221,17,0.9354838709677419,0.9375,0.8387096774193549,Real estate,Waidspital,47.398,8.52109,0.9166666666666666,0.7258064516129032,0.09090909090909091,0.12903225806451613,5,2,3,0.696917280915825,2,0.6875,0.8709677419354839,1,3.914407407407408,8.469106124845204,1,3,4,NA,NA
C,22,C_22,177,6,18,20,0.7,0.18518518518518517,0.3857171248205131,0.4788873863882412,7.440476190476191,18,19,1504,9,0.9887005649717514,0.8888888888888888,0.943502824858757,Real estate,Hägelerweg,47.36794,8.50046,1,1,0,0,3,2,2,0.399302780775642,2,0.7222222222222222,0.9661016949152542,0.9940119760479041,4.92,10.39282350541945,1,2,3,NA,NA
C,23,C_23,39,7,14,17,0.7058823529411765,0.17346938775510204,0.7905195528028315,0.8472924368181156,NA,14,15,3120,6,1,1,0.8974358974358975,Real estate,Leimbachstrasse,47.33505,8.52019,1,1,0,0,4,2,2,1.389988274572436,2,0.9285714285714286,0.9743589743589743,1,3.914407407407408,8.469106124845204,1,3,5,NA,NA
C,24,C_24,56,11,22,31,0.7419354838709677,0.128099173553719,0.8821584773414013,0.6560491729398411,7.77972027972028,23,28,1416,14,1,1,0.6964285714285714,Real estate,Altwiesenstrasse,47.40297,8.57899,1,1,0,0,4,2,3,1.866854941239106,3,0.8181818181818182,0.8571428571428571,0.975,4.124407407407408,8.898977240264694,1,4,4,NA,NA
C,26,C_26,99,14,22,36,0.6111111111111112,0.11688311688311688,0.8664296695134739,0.7127010221551723,9.187370600414077,31,31,979,13,0.98989898989899,0.9545454545454546,0.9292929292929293,Garden,Gladiolenweg,47.38128,8.49833,0.9285714285714286,0.8686868686868687,0.38461538461538464,0.4444444444444444,5,2,2,1.242274188598656,4,0.8181818181818182,0.9595959595959596,1,4.124407407407408,8.800624667379244,2,4,5,NA,NA
C,27,C_27,48,6,8,14,0.7142857142857143,0.2916666666666667,0.7365825079175272,0.4822764502077272,NA,27,27,135,6,1,1,0.9791666666666666,Garden,Breitensteinstrasse,47.39275,8.52191,1,1,0.5,0.7708333333333334,2,2,1,0.811872651889039,3,0.875,0.9791666666666666,1,3.7060000000000004,8.33937647564096,2,4,5,NA,NA
C,28,C_28,3,1,3,3,1,1,0.9999999999999998,NA,NA,6,6,81,2,1,1,0.3333333333333333,Garden,Kasinostrasse,47.3681,8.55506,1,1,0,0,1,1,1,0,0,1,1,1,0,0,1,1,1,NA,NA
C,29,C_29,18,7,11,14,0.8571428571428571,0.18181818181818182,0.9493124544147957,0.8152680400466737,NA,31,34,897,16,1,1,0.9444444444444444,Garden,Bühlwiesenstrasse,47.41697,8.5472,1,1,0,0,4,2,2,0.8260517424242425,6,0.9090909090909091,0.9444444444444444,1,3.914407407407408,8.469106124845204,2,3,4,NA,NA
C,30,C_30,21,7,8,12,0.6666666666666666,0.21428571428571427,0.9028985108689263,0.5831511268808097,NA,22,23,192,4,1,1,0.8571428571428571,Garden,Eleonorenstrasse,47.3731,8.55761,0.8571428571428571,0.9523809523809523,0.3333333333333333,0.5714285714285714,3,2,2,2.541121239459657,2,1,1,1,3.914407407407408,8.469106124845204,1,2,3,NA,NA
C,31,C_31,27,3,14,16,0.6875,0.38095238095238093,0.9200223384237016,0.6804883082472156,NA,14,16,1073,5,0.9629629629629629,0.9285714285714286,0.7777777777777778,Garden,Schützenmatt,47.40882,8.52423,1,1,0,0,2,1,1,0.299114506203207,2,0.6428571428571429,0.8148148148148148,0.9090909090909091,3.33,7.347992949856869,1,3,5,NA,NA
C,32,C_32,57,11,16,31,0.7419354838709677,0.17613636363636365,0.869745437616109,0.5455960603509983,8.857142857142858,23,26,801,7,1,1,0.9473684210526315,Garden,Kapfsteig,47.36071,8.56979,1,1,0.36363636363636365,0.5964912280701754,5,1,1,0.593369369369369,4,0.8125,0.9473684210526315,1,3.41,8.071848810288857,2,4,3,NA,NA
C,33,C_33,33,10,10,19,0.7368421052631579,0.19,0.8938672363529935,0.6847466103586375,NA,18,19,285,8,0.9696969696969697,0.9,0.9393939393939394,Garden,Hardlaubstrasse 48,47.3840958192914,8.55396999567992,1,1,0.3,0.21212121212121213,3,2,2,1.1260517424242424,5,0.7,0.9090909090909091,0.967741935483871,3.453,7.687839408282219,2,4,4,NA,NA
C,34,C_34,35,9,18,24,0.6666666666666666,0.14814814814814814,0.9644572918944546,0.7572946393455314,6.349206349206349,23,25,1450,12,0.9714285714285714,0.9444444444444444,0.8285714285714286,Garden,NA,47.33657,8.51649,1,1,0.1111111111111111,0.02857142857142857,4,2,3,2.067454941286726,3,0.9444444444444444,0.9714285714285714,0.9655172413793104,4.313000000000001,8.99952728926705,2,3,5,NA,NA
C,35,C_35,55,14,29,37,0.8108108108108109,0.09113300492610837,0.9410726960868697,0.8562652081934569,3.1019450033534537,34,36,769,16,1,1,0.6909090909090909,Garden,Hubenstrasse,47.4016,8.5695,0.9285714285714286,0.9818181818181818,0,0,4,2,2,1.5947559072284125,6,0.7931034482758621,0.8727272727272727,1,4.3500000000000005,9.597618561098955,3,5,5,NA,NA
C,36,C_36,11,6,7,10,0.9,0.23809523809523808,0.9866599586738648,0.7807718516488453,NA,14,14,89,5,1,1,0.8181818181818182,Garden,Blüemlisalpstrasse,47.39129,8.54827,1,1,0.3333333333333333,0.2727272727272727,3,2,2,1.542349210516527,3,0.8571428571428571,0.9090909090909091,1,3.914407407407408,8.469106124845204,1,2,4,NA,NA
C,37,C_37,42,9,17,22,0.6818181818181818,0.1437908496732026,0.8912541787859741,0.6310725024354752,12.936046511627907,26,28,1118,14,0.9285714285714286,0.8823529411764706,0.7619047619047619,Park,Alter Botantischer Garten,47.3712063,8.53370916,0.8888888888888888,0.9761904761904762,0,0,4,2,2,0.2349321332063215,5,0.8235294117647058,0.9047619047619048,0.9375,4.470000000000001,9.61147543318197,2,4,3,NA,NA
C,38,C_38,72,9,17,25,0.76,0.16339869281045752,0.6967689503917865,0.6143535709413638,17.4031007751938,21,21,1432,13,0.9722222222222222,0.8823529411764706,0.8194444444444444,Park,Park Pfingstweid,47.3879955,8.51274138,1,1,0,0,4,2,2,0.5772716079057689,4,0.6470588235294118,0.8888888888888888,0.9666666666666667,3.7800000000000002,8.461171440338472,2,3,4,NA,NA
C,39,C_39,91,22,19,38,0.631578947368421,0.09090909090909091,0.8653070704877521,0.7820962446883616,5.223880597014926,43,43,856,12,0.967032967032967,0.8421052631578947,0.9120879120879121,Park,Zeughaushof,47.3771755,8.53009344,0.9545454545454546,0.978021978021978,0.09523809523809523,0.03296703296703297,5,2,2,1.3458136471861424,6,0.6842105263157895,0.9230769230769231,0.9761904761904762,4.037407407407407,8.923586010707945,3,5,4,NA,NA
C,40,C_40,27,5,14,19,0.7894736842105263,0.2714285714285714,0.9417876629465414,0.5374849640975974,NA,14,15,1790,5,1,1,0.6296296296296297,Park,Josefwiese,47.3857731,8.52359424,1,1,0,0,3,2,3,0.17585627457243597,1,0.8571428571428571,0.9259259259259259,0.9444444444444444,2.25,5.7999668452517055,1,3,3,NA,NA
C,41,C_41,6,3,2,3,0.3333333333333333,0.5,0.920619835714305,1,NA,6,6,156,2,1,1,1,Park,Pestalozianlage,47.375636,8.53877523,1,1,0.3333333333333333,0.5,3,1,1,0.558714285714286,0,1,1,1,1.664407407407408,3.214074741525663,1,1,1,NA,NA
C,42,C_42,5,3,5,5,1,0.3333333333333333,1.0000000000000002,1,NA,4,4,125,2,1,1,0.6,Park,Bäckeralage,47.3778306,8.52357823,1,1,0.3333333333333333,0.6,3,1,1,2.4116236402171927,6,0.8,0.8,1,3.480407407407408,7.9046594539674135,1,2,1,NA,NA
C,43,C_43,29,7,14,16,0.625,0.16326530612244897,0.9191102271742172,0.9239325015961983,NA,10,11,1820,6,1,1,0.8275862068965517,Park,Villa Hohenbühl,47.3667038,8.55088549,0.8571428571428571,0.9310344827586207,0,0,4,2,2,0.357342495662232,1,0.9285714285714286,0.8620689655172413,1,3.54,7.891667829599919,1,5,5,NA,NA
C,44,C_44,90,10,29,44,0.8181818181818182,0.15172413793103448,0.8373987579364096,0.6784685581199725,5.631929046563193,24,30,5214,14,0.9888888888888889,0.9655172413793104,0.8111111111111111,Park,Sonnenberg,47.3677599,8.56729097,1,1,0,0,5,2,3,2.96837353899212,2,0.8275862068965517,0.9444444444444444,1,5.04,11.036873330573535,3,5,4,NA,NA
C,45,C_45,61,9,16,25,0.72,0.1736111111111111,0.8334349257962191,0.7753878298136819,7.104700854700856,17,18,1758,10,0.9836065573770492,0.9375,0.9508196721311475,Park,Kloptstockwiese,47.36235,8.52484,1,1,0.1111111111111111,0.03278688524590164,5,2,3,1.574330636563226,3,0.8125,0.9508196721311475,0.9827586206896551,5.13,10.962536233768077,1,3,5,NA,NA
C,46,C_46,59,9,20,24,0.75,0.13333333333333333,0.7874959977877497,0.8402801920909344,4.20353982300885,18,26,38128,16,0.9830508474576272,0.95,0.8305084745762712,Park,Muraltengut,47.3527107,8.53272972,0.8888888888888888,0.9830508474576272,0,0,4,2,2,0.8933594347319345,6,0.65,0.8813559322033898,1,4.986075,10.9364983851625,1,3,4,NA,NA
C,47,C_47,17,2,5,5,0.6,0.5,0.6198529663261149,1,NA,9,9,512,4,0.9411764705882353,0.8,1,Park,Schärrerwiese,47.4027993,8.4975626,1,1,0,0,1,2,2,0.10086346785180651,4,0.8,0.9411764705882353,0.9411764705882353,1.7299999999999998,4.57334772295826,2,2,3,NA,NA
C,48,C_48,99,13,29,36,0.8055555555555556,0.09549071618037135,0.6711115713069281,0.8737805839690882,3.340220385674931,21,32,6097,16,0.9797979797979798,0.9310344827586207,0.8686868686868687,Park,Bachwiesenpark,47.3813472,8.4865946,1,1,0,0,5,2,3,0.6816309731934734,6,0.7241379310344828,0.9090909090909091,0.9885057471264368,4.044407407407408,8.898977240264694,3,4,4,NA,NA
C,49,C_49,96,10,23,37,0.7567567567567568,0.1608695652173913,0.7633493276302394,0.5108185654037382,9.798657718120806,20,20,8374,9,0.9895833333333334,0.9565217391304348,0.8645833333333334,Ruderal,Nähe Europabrücke,47.3935133,8.49692767,1,1,0,0,3,2,2,0.681281818181818,3,0.8695652173913043,0.9583333333333334,1,5.13,10.72434204795349,2,4,6,NA,NA
C,50,C_50,52,8,18,27,0.7037037037037037,0.1875,0.8608762839013664,0.704381146766445,6.721915285451196,13,13,2552,7,0.9807692307692307,0.9444444444444444,0.8269230769230769,Ruderal,Glattparkstrasse,47.4172938734014,8.56340153047356,1,1,0,0,6,2,3,0.550273762838469,1,0.8333333333333334,0.9230769230769231,0.9565217391304348,4.4,9.331045831801092,1,3,5,NA,NA
C,51,C_51,103,20,27,42,0.6904761904761905,0.07777777777777778,0.8153834671872594,0.7511462736440375,4.3746149106592735,34,35,6356,19,1,1,0.8737864077669902,Ruderal,Stelzenstrasse,47.4254028,8.5568885,1,1,0.1,0.038834951456310676,5,2,2,0.6935602091341371,3,0.8518518518518519,0.9611650485436893,1,4.92,10.82269462083894,2,3,4,NA,NA
C,52,C_52,133,9,17,22,0.7727272727272727,0.1437908496732026,0.40649074099593024,0.9029926705798972,3.197674418604651,13,14,2152,12,0.9924812030075187,0.9411764705882353,0.9624060150375939,Ruderal,Güterstrasse,47.3822448636764,8.51737256111909,1,1,0.1111111111111111,0.007518796992481203,5,2,2,0.399302780775642,2,0.8235294117647058,0.9699248120300752,1,4.0600000000000005,9.3393737476924,2,4,4,NA,NA
C,53,C_53,68,16,26,44,0.7045454545454546,0.10576923076923077,0.9502880368318457,0.6324756865795409,8.48314606741573,22,22,5217,17,0.9705882352941176,0.9230769230769231,0.7941176470588235,Ruderal,Messe Hallenstadion /Cor: Offene Rennbahn,47.4104,8.55117,1,1,0.0625,0.014705882352941176,5,2,3,0.6077882745724359,3,0.7307692307692307,0.8382352941176471,0.9152542372881356,4.19,9.0791290768595,2,4,4,NA,NA
C,54,C_54,101,5,7,10,0.2,0.2857142857142857,0.5853986262410069,0.24168164937890513,NA,16,19,1614,8,1,1,0.9900990099009901,Ruderal,Herdernstrasse,47.3852502,8.50731145,1,1,0,0,4,2,2,0.47371960921792095,1,0.8571428571428571,0.9900990099009901,1,4.124407407407408,8.800624667379244,2,4,3,NA,NA
C,55,C_55,35,13,16,27,0.8148148148148148,0.12980769230769232,0.9689893850618229,0.637920238080813,7.702020202020202,27,28,515,13,0.9428571428571428,0.875,0.4857142857142857,Ruderal,Hinterhagenweg,47.3454633307774,8.51989234039952,1,1,0,0,3,2,2,11.738031593406593,3,0.6875,0.6571428571428571,1,3.3100000000000005,7.38843136049389,1,2,4,NA,NA
C,56,C_56,62,20,24,40,0.725,0.08333333333333333,0.9444624090281418,0.7705612169977014,2.432045779685265,29,29,3204,18,1,1,0.8709677419354839,Ruderal,ETH / UZH,47.3751209,8.54730172,0.95,0.967741935483871,0.10526315789473684,0.06451612903225806,6,2,3,0.630729941239103,3,0.8333333333333334,0.8870967741935484,0.9464285714285714,4.256075,9.544462751199216,2,4,4,NA,NA
C,57,C_57,95,16,22,39,0.7435897435897436,0.11079545454545454,0.7543265336172231,0.7552567246873262,7.8110161443494786,29,29,13114,12,0.9894736842105263,0.9545454545454546,0.9473684210526315,Ruderal,Oberer Letten,47.3844714,8.53759346,0.9375,0.9263157894736842,0,0,5,2,3,0.6139246258432309,3,0.8181818181818182,0.9578947368421052,0.978021978021978,4.8100000000000005,10.18005311206727,2,5,3,NA,NA
C,58,C_58,114,13,20,32,0.71875,0.12307692307692308,0.7228409414743491,0.7575747133867847,7.537313432835821,20,21,4440,14,0.9824561403508771,0.9,0.9122807017543859,Ruderal,Allmannstrasse,47.4168364542774,8.55126416858936,1,1,0.23076923076923078,0.20175438596491227,4,2,2,0.503524242424243,3,0.75,0.9473684210526315,0.9904761904761905,3.588,8.52828557325167,2,4,3,NA,NA
C,59,C_59,52,4,14,19,0.7368421052631579,0.3392857142857143,0.7352308018666533,0.5741213382667195,NA,14,14,716,8,1,1,0.8846153846153846,Ruderal,Hofwiesenstrasse,47.4045952,8.53645843,1,1,0.25,0.5769230769230769,3,2,2,0.23454790065137301,1,0.7142857142857143,0.9230769230769231,1,3.914407407407408,8.469106124845204,2,3,3,NA,NA
C,60,C_60,79,6,7,13,0.7692307692307693,0.30952380952380953,0.5387240527462687,0.4824522730288727,NA,11,11,1092,9,1,1,1,Ruderal,Am Giessen,47.3996768,8.49474495,1,1,0,0,5,2,2,0.45711536395703095,2,1,1,1,3.718,8.43826091625753,1,4,4,NA,NA
