ugs_id,period,network_id,N_interactions,P_plants,A_pollinators,L_links,singleton_rate,connectance,link_evenness,H2_specialization,WNODF_nestedness,ugs_type,site_name,lat,lon
1,ABC,ABC_1,115,20,27,45,0.6888888888888889,0.08333333333333333,0.8204825538319371,0.6308100238297479,11.645101663585953,Allotment,Gartenareal Breitenstein,47.39364,8.51663
2,ABC,ABC_2,123,24,32,50,0.8,0.06510416666666667,0.7949988333430232,0.7358050524433919,5.082037996545769,Allotment,Grubenacker,47.4177,8.55346
3,ABC,ABC_3,185,29,35,67,0.746268656716418,0.06600985221674877,0.7889190593483815,0.6127398293976287,5.581918081918082,Allotment,Gartenareal Breitenstein,47.39403,8.51594
4,ABC,ABC_4,40,14,19,29,0.8620689655172413,0.10902255639097744,0.9412498501327212,0.803264387629252,1.3358778625954197,Allotment,Juchhof,47.39934,8.4781
5,ABC,ABC_5,65,14,23,33,0.696969696969697,0.10248447204968944,0.9051498488269354,0.7468884843863871,7.703488372093023,Allotment,Gartenareal Breitenstein,47.3938,8.51659
6,ABC,ABC_6,36,12,11,17,0.7647058823529411,0.12878787878787878,0.8406398152007667,0.824390214884234,NA,Allotment,Juchhof,47.4014442872832,8.47412973187809
7,ABC,ABC_7,241,40,50,102,0.7352941176470589,0.051,0.8554983483591466,0.7190671573967808,4.421505759410996,Allotment,Gemeinschaftsgarten Grünhölzli,47.38736,8.46865
8,ABC,ABC_8,75,20,29,48,0.8125,0.08275862068965517,0.9195435561245406,0.710226874846683,5.855704697986577,Allotment,Familiengartenverein Wiedikon,47.3591153,8.50162658610434
9,ABC,ABC_9,216,27,39,73,0.726027397260274,0.06932573599240266,0.7573418165402649,0.5971480104421454,6.963776963776962,Allotment,Pauls Garden,47.36224,8.50003
10,ABC,ABC_10,222,40,44,85,0.6941176470588235,0.048295454545454544,0.843206010353791,0.7204152317564397,7.071263035921205,Allotment,GZ Bachwiesen - Zürcher Gemeinschaftszentren,47.37907,8.48641
11,ABC,ABC_11,59,20,15,34,0.7352941176470589,0.11333333333333333,0.9006749962723327,0.7322114751092844,7.5423728813559325,Allotment,Familiengarten Heuelsteig,47.3683693914919,8.57004185552238
12,ABC,ABC_12,86,30,29,47,0.723404255319149,0.054022988505747126,0.8861658964304697,0.7650194229421586,3.973444312326595,Allotment,Familiengarten Wehrenbach,47.35557,8.57667
13,ABC,ABC_13,151,20,33,63,0.7619047619047619,0.09545454545454546,0.7734305464495733,0.7039150892293493,6.592717867091127,Real estate,Eisenbahnerstrasse,47.38901,8.49055
14,ABC,ABC_14,94,24,31,60,0.7833333333333333,0.08064516129032258,0.9289492139524327,0.6950486375133962,3.6675020885547203,Real estate,Regina Pärkli,47.41207,8.53283
15,ABC,ABC_15,97,21,25,43,0.7209302325581395,0.08190476190476191,0.8755550491016917,0.74123666600618,8.0718954248366,Real estate,Stüssistrasse,47.3933,8.54002
16,ABC,ABC_16,118,19,25,43,0.6976744186046512,0.09052631578947369,0.8136802342473106,0.6563916300415986,8.779193205944798,Real estate,Grünau,47.39639,8.49091
17,ABC,ABC_17,126,25,42,68,0.7647058823529411,0.06476190476190476,0.889957110086189,0.6942458704590989,5.304335343095033,Real estate,Bernstrasse,47.40279,8.44555
18,ABC,ABC_18,86,14,26,46,0.7608695652173914,0.12637362637362637,0.8576378377661579,0.6800135660713865,5.85794413919414,Real estate,Färberstrasse,47.36174,8.54998
19,ABC,ABC_19,133,28,44,77,0.7792207792207793,0.0625,0.8979552178625395,0.6788588495714487,3.133392077878483,Real estate,Sägestrasse,47.39319,8.44674
20,ABC,ABC_20,174,33,28,65,0.6307692307692307,0.07034632034632035,0.8702053889552123,0.6589785174786774,11.975717439293598,Real estate,Genosseschaft in der Ey,47.37421,8.49236
21,ABC,ABC_21,139,32,50,87,0.7931034482758621,0.054375,0.9244882464816175,0.7511967964050569,2.7358125121053654,Real estate,Waidspital,47.398,8.52109
22,ABC,ABC_22,237,15,28,44,0.7272727272727273,0.10476190476190476,0.5246168841920753,0.5690382858070802,9.993098688750864,Real estate,Hägelerweg,47.36794,8.50046
23,ABC,ABC_23,217,18,32,44,0.6363636363636364,0.0763888888888889,0.6559274166121795,0.6925954233215251,4.386235233692861,Real estate,Leimbachstrasse,47.33505,8.52019
24,ABC,ABC_24,98,19,33,49,0.7755102040816326,0.07814992025518341,0.8008430688570367,0.6379169610706767,5.042918454935623,Real estate,Altwiesenstrasse,47.40297,8.57899
26,ABC,ABC_26,231,27,45,86,0.6162790697674418,0.07078189300411522,0.8887558634694723,0.6380958003983407,8.604630517382194,Garden,Gladiolenweg,47.38128,8.49833
27,ABC,ABC_27,134,24,37,62,0.7903225806451613,0.06981981981981981,0.8502929624981581,0.6013107086587945,6.148266100495399,Garden,Breitensteinstrasse,47.39275,8.52191
28,ABC,ABC_28,17,7,13,16,0.9375,0.17582417582417584,0.9924539456067025,0.8255992241346518,NA,Garden,Kasinostrasse,47.3681,8.55506
29,ABC,ABC_29,36,16,22,30,0.8666666666666667,0.08522727272727272,0.9743514796992356,0.8506659097618534,2.2792022792022792,Garden,Bühlwiesenstrasse,47.41697,8.5472
30,ABC,ABC_30,76,22,18,43,0.6976744186046512,0.10858585858585859,0.9192469701511972,0.6381251520306402,11.0546875,Garden,Eleonorenstrasse,47.3731,8.55761
31,ABC,ABC_31,76,17,26,43,0.7906976744186046,0.09728506787330317,0.874708595827895,0.7533336907605309,4.045553145336225,Garden,Schützenmatt,47.40882,8.52423
32,ABC,ABC_32,120,28,30,64,0.703125,0.0761904761904762,0.9151712327677036,0.6519491913380181,7.080087467541342,Garden,Kapfsteig,47.36071,8.56979
33,ABC,ABC_33,63,17,17,35,0.6571428571428571,0.12110726643598616,0.9303954767178817,0.6754756612733398,7.965686274509805,Garden,Hardlaubstrasse 48,47.3840958192914,8.55396999567992
34,ABC,ABC_34,68,22,29,49,0.7755102040816326,0.0768025078369906,0.9610467896556404,0.7421911288824982,3.8356881214024074,Garden,NA,47.33657,8.51649
35,ABC,ABC_35,123,34,52,79,0.7848101265822784,0.04468325791855204,0.932490437513697,0.7816021213807195,2.1427309662603777,Garden,Hubenstrasse,47.4016,8.5695
36,ABC,ABC_36,37,15,17,25,0.8,0.09803921568627451,0.9290412648575913,0.7840308045426801,4.771784232365145,Garden,Blüemlisalpstrasse,47.39129,8.54827
37,ABC,ABC_37,83,23,31,55,0.7454545454545455,0.07713884992987377,0.9436736791413097,0.6700877476865869,5.970287836583101,Park,Alter Botantischer Garten,47.3712063,8.53370916
38,ABC,ABC_38,114,20,24,47,0.7021276595744681,0.09791666666666667,0.8037543292405723,0.6373534719701419,8.444206008583691,Park,Park Pfingstweid,47.3879955,8.51274138
39,ABC,ABC_39,145,35,27,62,0.6290322580645161,0.0656084656084656,0.8882247816454456,0.76344907841312315,7.477096546863988,Park,Zeughaushof,47.3771755,8.53009344
40,ABC,ABC_40,53,11,21,37,0.7837837837837838,0.16017316017316016,0.9527326306022202,0.6009093326023655,10.670859538784068,Park,Josefwiese,47.3857731,8.52359424
41,ABC,ABC_41,33,8,7,13,0.38461538461538464,0.23214285714285715,0.8692381848809759,0.5217639793816943,NA,Park,Pestalozianlage,47.375636,8.53877523
42,ABC,ABC_42,69,14,18,28,0.6785714285714286,0.1111111111111111,0.7717245389069982,0.749980992361969,3.5860655737704916,Park,Bäckeralage,47.3778306,8.52357823
43,ABC,ABC_43,99,19,40,63,0.7619047619047619,0.08289473684210526,0.9364171166745012,0.7656386329126588,3.2239246908016623,Park,Villa Hohenbühl,47.3667038,8.55088549
44,ABC,ABC_44,160,25,48,81,0.7777777777777778,0.0675,0.8619265356097531,0.6982103500462182,3.2628051220488192,Park,Sonnenberg,47.3677599,8.56729097
45,ABC,ABC_45,166,25,38,66,0.7272727272727273,0.06947368421052631,0.8527839295209696,0.7443301155110462,4.695912263210369,Park,Kloptstockwiese,47.36235,8.52484
46,ABC,ABC_46,145,22,37,57,0.7719298245614035,0.07002457002457002,0.8098816799304945,0.7237128298395793,4.468599033816425,Park,Muraltengut,47.3527107,8.53272972
47,ABC,ABC_47,78,14,30,42,0.8095238095238095,0.1,0.8608652168977474,0.754011755343015,2.8041825095057034,Park,Schärrerwiese,47.4027993,8.4975626
48,ABC,ABC_48,158,21,49,72,0.7916666666666666,0.06997084548104957,0.7506613394031081,0.8226112566877741,3.2728074394741062,Park,Bachwiesenpark,47.3813472,8.4865946
49,ABC,ABC_49,159,19,46,73,0.7945205479452054,0.08352402745995423,0.8294497613355197,0.6570533110687072,3.862828713574983,Ruderal,Nähe Europabrücke,47.3935133,8.49692767
50,ABC,ABC_50,126,20,37,63,0.7619047619047619,0.08513513513513514,0.860642627758688,0.6939178648523914,3.8385903426791277,Ruderal,Glattparkstrasse,47.4172938734014,8.56340153047356
51,ABC,ABC_51,160,27,43,67,0.746268656716418,0.05770887166236004,0.8361588801746207,0.735652620667193,4.332801701222754,Ruderal,Stelzenstrasse,47.4254028,8.5568885
52,ABC,ABC_52,243,21,35,66,0.7424242424242424,0.08979591836734693,0.6116452872234694,0.6679507988770259,6.082815734989649,Ruderal,Güterstrasse,47.3822448636764,8.51737256111909
53,ABC,ABC_53,155,27,39,82,0.7195121951219512,0.0778727445394112,0.9020506288900559,0.6166102033065197,7.425431711145998,Ruderal,Messe Hallenstadion /Cor: Offene Rennbahn,47.4104,8.55117
54,ABC,ABC_54,156,15,26,39,0.5897435897435898,0.1,0.6676132425133416,0.57716074305045,8.717054263565892,Ruderal,Herdernstrasse,47.3852502,8.50731145
55,ABC,ABC_55,128,31,33,61,0.7213114754098361,0.059628543499511244,0.8433966522581601,0.6689171783199407,8.47599865726754,Ruderal,Hinterhagenweg,47.3454633307774,8.51989234039952
56,ABC,ABC_56,157,28,39,69,0.6956521739130435,0.06318681318681318,0.8690969561182728,0.745698193421687,3.3809949359547216,Ruderal,ETH / UZH,47.3751209,8.54730172
57,ABC,ABC_57,205,27,40,84,0.6547619047619048,0.07777777777777778,0.8523342024955682,0.6911031501103626,6.628352490421456,Ruderal,Oberer Letten,47.3844714,8.53759346
58,ABC,ABC_58,249,26,54,86,0.7325581395348837,0.06125356125356125,0.801785315299347,0.6364642588025259,4.474319340492461,Ruderal,Allmannstrasse,47.4168364542774,8.55126416858936
59,ABC,ABC_59,116,15,30,52,0.7115384615384616,0.11555555555555555,0.8201601624073434,0.5399595392550048,7.888007054673721,Ruderal,Hofwiesenstrasse,47.4045952,8.53645843
60,ABC,ABC_60,102,13,14,28,0.8214285714285714,0.15384615384615385,0.6405145937173968,0.6411179235552434,7.001972386587772,Ruderal,Am Giessen,47.3996768,8.49474495
