plant,ugs_id,period,floral_abundance,plant_present,bee_visits,bee_present
Acanthus spinosus,33,C,2,TRUE,1,TRUE
Acer campestre,47,A,23,TRUE,0,FALSE
Achillea clypeolata,3,B,450,TRUE,2,TRUE
Achillea clypeolata,3,C,1800,TRUE,0,FALSE
Achillea millefolium,7,B,102,TRUE,0,FALSE
Achillea millefolium,7,C,547,TRUE,3,TRUE
Achillea millefolium,13,C,355,TRUE,5,TRUE
Achillea millefolium,21,C,222,TRUE,0,FALSE
Achillea millefolium,38,C,1025,TRUE,18,TRUE
Achillea millefolium,40,C,67,TRUE,0,FALSE
Achillea millefolium,49,B,1095,TRUE,3,TRUE
Achillea millefolium,50,A,10,TRUE,0,FALSE
Achillea millefolium,50,B,94,TRUE,0,FALSE
Achillea millefolium,51,C,523,TRUE,1,TRUE
Achillea millefolium,52,C,134,TRUE,5,TRUE
Achillea millefolium,53,C,25,TRUE,1,TRUE
Achillea millefolium,55,B,200,TRUE,3,TRUE
Achillea millefolium,59,C,24,TRUE,2,TRUE
Achillea millefolium,60,C,25,TRUE,2,TRUE
Actinidia chinensis,1,B,15,TRUE,0,FALSE
Aegopodium podagraria,1,B,144,TRUE,8,TRUE
Aegopodium podagraria,5,B,165,TRUE,0,FALSE
Aegopodium podagraria,22,B,243,TRUE,1,TRUE
Aegopodium podagraria,27,A,306,TRUE,1,TRUE
Aegopodium podagraria,27,B,20832,TRUE,28,TRUE
Aegopodium podagraria,29,B,62,TRUE,0,FALSE
Aegopodium podagraria,35,B,3390,TRUE,1,TRUE
Aegopodium podagraria,39,B,528,TRUE,0,FALSE
Aegopodium podagraria,46,B,2412,TRUE,32,TRUE
Aegopodium podagraria,58,B,3349,TRUE,43,TRUE
Agrimonia eupatoria,39,C,61,TRUE,0,FALSE
Ajuga reptans,11,A,104,TRUE,1,TRUE
Ajuga reptans,12,A,29,TRUE,2,TRUE
Ajuga reptans,14,A,2,TRUE,0,FALSE
Ajuga reptans,18,A,5,TRUE,0,FALSE
Ajuga reptans,19,A,159,TRUE,1,TRUE
Ajuga reptans,21,A,853,TRUE,4,TRUE
Ajuga reptans,23,A,6885,TRUE,103,TRUE
Ajuga reptans,29,A,6,TRUE,1,TRUE
Ajuga reptans,31,A,155,TRUE,5,TRUE
Ajuga reptans,31,B,10,TRUE,0,FALSE
Ajuga reptans,33,A,108,TRUE,0,FALSE
Ajuga reptans,34,A,26,TRUE,0,FALSE
Ajuga reptans,35,A,63,TRUE,0,FALSE
Ajuga reptans,36,A,49,TRUE,0,FALSE
Ajuga reptans,39,A,340,TRUE,0,FALSE
Ajuga reptans,43,A,16,TRUE,0,FALSE
Ajuga reptans,44,A,11,TRUE,0,FALSE
Ajuga reptans,47,A,18,TRUE,0,FALSE
Ajuga reptans,57,A,1472,TRUE,17,TRUE
Alchemilla mollis,1,B,756,TRUE,0,FALSE
Alchemilla mollis,22,A,216,TRUE,0,FALSE
Alchemilla mollis,22,B,1730,TRUE,0,FALSE
Alchemilla mollis,22,C,328,TRUE,0,FALSE
Alchemilla mollis,30,B,442,TRUE,0,FALSE
Alchemilla mollis,31,C,320,TRUE,0,FALSE
Alchemilla mollis,32,B,700,TRUE,0,FALSE
Alchemilla mollis,32,C,300,TRUE,1,TRUE
Alchemilla xanthochlora,35,B,200,TRUE,0,FALSE
Alliaria petiolata,1,A,44,TRUE,0,FALSE
Alliaria petiolata,16,A,5,TRUE,0,FALSE
Alliaria petiolata,16,B,4,TRUE,0,FALSE
Alliaria petiolata,38,A,10,TRUE,0,FALSE
Alliaria petiolata,44,A,292,TRUE,4,TRUE
Alliaria petiolata,47,A,8,TRUE,0,FALSE
Allium ampeloprasum,1,A,82,TRUE,0,FALSE
Allium carinatum,2,C,5,TRUE,1,TRUE
Allium fistulosum,11,B,40,TRUE,0,FALSE
Allium moly,1,B,12,TRUE,0,FALSE
Allium neapolitanum,5,A,50,TRUE,0,FALSE
Allium nigrum,20,A,33,TRUE,3,TRUE
Allium nigrum,27,B,70,TRUE,1,TRUE
Allium paradoxum,9,A,107,TRUE,0,FALSE
Allium paradoxum,37,A,28,TRUE,0,FALSE
Allium sativum,10,C,50,TRUE,0,FALSE
Allium schoenoprasum,5,A,470,TRUE,2,TRUE
Allium schoenoprasum,7,A,187,TRUE,8,TRUE
Allium schoenoprasum,12,B,1264,TRUE,3,TRUE
Allium schoenoprasum,27,A,105,TRUE,0,FALSE
Allium schoenoprasum,58,B,361,TRUE,0,FALSE
Allium ursinum,31,A,63,TRUE,0,FALSE
Allium ursinum,43,A,505,TRUE,11,TRUE
Althaea officinalis,7,C,12,TRUE,4,TRUE
Amelanchier ovalis,15,A,96,TRUE,1,TRUE
Anemone altaica,32,A,3,TRUE,0,FALSE
Anthericum liliago,38,C,26,TRUE,0,FALSE
Anthyllis vulneraria,15,A,500,TRUE,0,FALSE
Anthyllis vulneraria,20,B,10,TRUE,0,FALSE
Anthyllis vulneraria,38,A,2310,TRUE,3,TRUE
Anthyllis vulneraria,49,A,240,TRUE,3,TRUE
Anthyllis vulneraria,49,B,228,TRUE,1,TRUE
Anthyllis vulneraria,51,A,818,TRUE,0,FALSE
Anthyllis vulneraria,51,B,29,TRUE,0,FALSE
Anthyllis vulneraria,52,A,151,TRUE,1,TRUE
Anthyllis vulneraria,53,A,1708,TRUE,2,TRUE
Anthyllis vulneraria,53,B,12,TRUE,0,FALSE
Anthyllis vulneraria,57,B,22,TRUE,0,FALSE
Antirrhinum majus,7,C,11,TRUE,0,FALSE
Antirrhinum majus,9,B,21,TRUE,1,TRUE
Aquilegia vulgaris,2,A,42,TRUE,1,TRUE
Aquilegia vulgaris,3,A,68,TRUE,0,FALSE
Aquilegia vulgaris,7,A,45,TRUE,2,TRUE
Aquilegia vulgaris,10,A,23,TRUE,1,TRUE
Aquilegia vulgaris,11,B,6,TRUE,0,FALSE
Aquilegia vulgaris,12,B,15,TRUE,1,TRUE
Aquilegia vulgaris,26,A,57,TRUE,3,TRUE
Aquilegia vulgaris,26,B,5,TRUE,0,FALSE
Aquilegia vulgaris,30,A,35,TRUE,0,FALSE
Aquilegia vulgaris,31,B,15,TRUE,1,TRUE
Aquilegia vulgaris,32,B,7,TRUE,0,FALSE
Aquilegia vulgaris,35,A,46,TRUE,7,TRUE
Aquilegia vulgaris,44,A,3,TRUE,0,FALSE
Arabis alpina,32,B,41,TRUE,2,TRUE
Arctium lappa,39,C,11,TRUE,8,TRUE
Arenaria serpyllifolia,15,B,39,TRUE,0,FALSE
Aria edulis,18,A,34,TRUE,0,FALSE
Armoracia rusticana,1,A,180,TRUE,0,FALSE
Armoracia rusticana,1,B,6,TRUE,0,FALSE
Astrantia major,9,B,1128,TRUE,13,TRUE
Aubrieta deltoidea,11,A,14,TRUE,0,FALSE
Aubrieta deltoidea,11,B,18,TRUE,0,FALSE
Aurinia saxatilis,8,A,107,TRUE,0,FALSE
Begonia cucullata,29,C,41,TRUE,0,FALSE
Bellis perennis,1,A,36,TRUE,0,FALSE
Bellis perennis,1,B,16,TRUE,0,FALSE
Bellis perennis,1,C,1,TRUE,0,FALSE
Bellis perennis,4,C,1,TRUE,0,FALSE
Bellis perennis,5,B,45,TRUE,0,FALSE
Bellis perennis,8,A,17,TRUE,0,FALSE
Bellis perennis,8,B,4,TRUE,1,TRUE
Bellis perennis,8,C,10,TRUE,1,TRUE
Bellis perennis,11,A,11,TRUE,0,FALSE
Bellis perennis,11,B,100,TRUE,0,FALSE
Bellis perennis,12,A,62,TRUE,0,FALSE
Bellis perennis,12,B,6,TRUE,0,FALSE
Bellis perennis,13,A,336,TRUE,3,TRUE
Bellis perennis,13,B,148,TRUE,1,TRUE
Bellis perennis,13,C,2,TRUE,0,FALSE
Bellis perennis,14,A,127,TRUE,0,FALSE
Bellis perennis,14,B,61,TRUE,0,FALSE
Bellis perennis,14,C,1,TRUE,0,FALSE
Bellis perennis,15,A,6,TRUE,0,FALSE
Bellis perennis,16,A,142,TRUE,1,TRUE
Bellis perennis,16,B,33,TRUE,4,TRUE
Bellis perennis,16,C,12,TRUE,0,FALSE
Bellis perennis,17,A,105,TRUE,3,TRUE
Bellis perennis,17,B,90,TRUE,0,FALSE
Bellis perennis,18,A,416,TRUE,0,FALSE
Bellis perennis,18,B,172,TRUE,1,TRUE
Bellis perennis,18,C,11,TRUE,0,FALSE
Bellis perennis,19,A,95,TRUE,4,TRUE
Bellis perennis,19,B,39,TRUE,0,FALSE
Bellis perennis,19,C,4,TRUE,0,FALSE
Bellis perennis,20,A,12,TRUE,1,TRUE
Bellis perennis,20,B,1,TRUE,0,FALSE
Bellis perennis,21,B,9,TRUE,0,FALSE
Bellis perennis,22,A,67,TRUE,5,TRUE
Bellis perennis,22,B,48,TRUE,1,TRUE
Bellis perennis,22,C,6,TRUE,0,FALSE
Bellis perennis,23,A,133,TRUE,0,FALSE
Bellis perennis,23,B,4,TRUE,0,FALSE
Bellis perennis,24,A,151,TRUE,0,FALSE
Bellis perennis,24,B,2,TRUE,0,FALSE
Bellis perennis,24,C,10,TRUE,0,FALSE
Bellis perennis,26,A,1,TRUE,0,FALSE
Bellis perennis,26,B,2,TRUE,0,FALSE
Bellis perennis,26,C,62,TRUE,0,FALSE
Bellis perennis,28,A,94,TRUE,0,FALSE
Bellis perennis,28,B,73,TRUE,5,TRUE
Bellis perennis,29,A,15,TRUE,1,TRUE
Bellis perennis,29,C,5,TRUE,0,FALSE
Bellis perennis,33,A,58,TRUE,0,FALSE
Bellis perennis,33,B,32,TRUE,0,FALSE
Bellis perennis,33,C,4,TRUE,1,TRUE
Bellis perennis,34,A,286,TRUE,0,FALSE
Bellis perennis,34,B,1,TRUE,0,FALSE
Bellis perennis,34,C,5,TRUE,0,FALSE
Bellis perennis,35,A,1,TRUE,0,FALSE
Bellis perennis,35,C,4,TRUE,1,TRUE
Bellis perennis,36,B,1,TRUE,0,FALSE
Bellis perennis,37,A,54,TRUE,0,FALSE
Bellis perennis,37,B,58,TRUE,1,TRUE
Bellis perennis,37,C,26,TRUE,2,TRUE
Bellis perennis,38,A,13,TRUE,1,TRUE
Bellis perennis,38,B,5,TRUE,0,FALSE
Bellis perennis,39,A,236,TRUE,0,FALSE
Bellis perennis,39,B,97,TRUE,0,FALSE
Bellis perennis,40,A,469,TRUE,2,TRUE
Bellis perennis,40,B,353,TRUE,3,TRUE
Bellis perennis,40,C,2,TRUE,0,FALSE
Bellis perennis,42,A,407,TRUE,1,TRUE
Bellis perennis,42,B,261,TRUE,0,FALSE
Bellis perennis,42,C,47,TRUE,0,FALSE
Bellis perennis,43,A,2,TRUE,0,FALSE
Bellis perennis,44,A,4,TRUE,0,FALSE
Bellis perennis,45,A,65,TRUE,0,FALSE
Bellis perennis,47,A,252,TRUE,2,TRUE
Bellis perennis,47,B,36,TRUE,1,TRUE
Bellis perennis,47,C,3,TRUE,1,TRUE
Bellis perennis,48,A,516,TRUE,1,TRUE
Bellis perennis,48,B,150,TRUE,4,TRUE
Bellis perennis,48,C,3,TRUE,1,TRUE
Bellis perennis,50,A,19,TRUE,0,FALSE
Bellis perennis,57,A,14,TRUE,0,FALSE
Bellis perennis,57,B,2,TRUE,0,FALSE
Beta vulgaris,7,B,330,TRUE,0,FALSE
Borago officinalis,2,A,162,TRUE,27,TRUE
Borago officinalis,2,C,7,TRUE,4,TRUE
Borago officinalis,3,A,26,TRUE,1,TRUE
Borago officinalis,5,A,25,TRUE,4,TRUE
Borago officinalis,5,B,14,TRUE,1,TRUE
Borago officinalis,7,A,39,TRUE,23,TRUE
Borago officinalis,7,C,1,TRUE,1,TRUE
Borago officinalis,10,A,51,TRUE,9,TRUE
Borago officinalis,10,B,6,TRUE,5,TRUE
Borago officinalis,10,C,5,TRUE,3,TRUE
Borago officinalis,11,B,27,TRUE,4,TRUE
Borago officinalis,15,B,4,TRUE,0,FALSE
Brunnera macrophylla,39,A,13,TRUE,0,FALSE
Buddleja davidii,2,C,580,TRUE,6,TRUE
Buphthalmum salicifolium,39,B,12,TRUE,2,TRUE
Buphthalmum salicifolium,49,B,4,TRUE,1,TRUE
Buphthalmum salicifolium,55,B,4,TRUE,2,TRUE
Calendula officinalis,1,C,1,TRUE,0,FALSE
Calendula officinalis,3,A,29,TRUE,4,TRUE
Calendula officinalis,3,B,11,TRUE,0,FALSE
Calendula officinalis,3,C,13,TRUE,3,TRUE
Calendula officinalis,7,B,3,TRUE,0,FALSE
Calendula officinalis,8,A,2,TRUE,0,FALSE
Calendula officinalis,9,B,5,TRUE,0,FALSE
Calendula officinalis,9,C,34,TRUE,8,TRUE
Calendula officinalis,10,A,31,TRUE,0,FALSE
Calendula officinalis,10,B,12,TRUE,0,FALSE
Calendula officinalis,10,C,6,TRUE,3,TRUE
Calibrachoa parviflora,29,C,24,TRUE,0,FALSE
Calystegia sepium,1,C,8,TRUE,4,TRUE
Calystegia sepium,23,C,2,TRUE,1,TRUE
Calystegia sepium,58,C,3,TRUE,0,FALSE
Camellia sasanqua,32,A,8,TRUE,0,FALSE
Camellia sasanqua,37,A,4,TRUE,0,FALSE
Campanula carpatica,32,B,32,TRUE,1,TRUE
Campanula glomerata,56,B,5,TRUE,0,FALSE
Campanula medium,7,B,8,TRUE,3,TRUE
Campanula medium,9,B,3,TRUE,6,TRUE
Campanula medium,9,C,1,TRUE,0,FALSE
Campanula persicifolia,3,B,3,TRUE,1,TRUE
Campanula poscharskyana,32,B,100,TRUE,4,TRUE
Campanula poscharskyana,34,A,7,TRUE,0,FALSE
Campanula rapunculoides,15,C,3,TRUE,0,FALSE
Campanula rotundifolia,15,C,8,TRUE,2,TRUE
Campanula trachelium,39,C,43,TRUE,2,TRUE
Capsella bursa-pastoris,38,A,286,TRUE,1,TRUE
Cardamine pentaphyllos,37,A,16,TRUE,0,FALSE
Cardamine pratensis,17,A,1,TRUE,0,FALSE
Cardamine pratensis,19,A,11,TRUE,1,TRUE
Cardamine pratensis,36,A,7,TRUE,0,FALSE
Carum carvi,14,B,100,TRUE,0,FALSE
Ceanothus americanus,24,B,220,TRUE,23,TRUE
Ceanothus americanus,24,C,520,TRUE,18,TRUE
Centaurea caerulescens,52,B,2,TRUE,3,TRUE
Centaurea jacea,13,B,38,TRUE,10,TRUE
Centaurea jacea,13,C,23,TRUE,9,TRUE
Centaurea jacea,14,C,4,TRUE,1,TRUE
Centaurea jacea,17,C,1,TRUE,1,TRUE
Centaurea jacea,21,C,28,TRUE,17,TRUE
Centaurea jacea,35,A,4,TRUE,3,TRUE
Centaurea jacea,35,B,3,TRUE,16,TRUE
Centaurea jacea,43,C,9,TRUE,6,TRUE
Centaurea jacea,44,B,15,TRUE,4,TRUE
Centaurea jacea,45,B,8,TRUE,15,TRUE
Centaurea jacea,52,A,19,TRUE,0,FALSE
Centaurea jacea,52,B,2,TRUE,3,TRUE
Centaurea jacea,53,B,6,TRUE,4,TRUE
Centaurea jacea,53,C,12,TRUE,6,TRUE
Centaurea jacea,55,B,2,TRUE,0,FALSE
Centaurea jacea,56,B,14,TRUE,7,TRUE
Centaurea jacea,56,C,5,TRUE,11,TRUE
Centaurea jacea,57,B,40,TRUE,19,TRUE
Centaurea jacea,57,C,2,TRUE,2,TRUE
Centaurea jacea,60,C,51,TRUE,25,TRUE
Centaurea montana,4,A,5,TRUE,4,TRUE
Centaurea montana,12,A,2,TRUE,7,TRUE
Centaurea montana,12,B,23,TRUE,7,TRUE
Centaurea montana,12,C,1,TRUE,0,FALSE
Centaurea montana,27,A,6,TRUE,6,TRUE
Centaurea montana,32,A,5,TRUE,2,TRUE
Centaurea montana,32,B,16,TRUE,6,TRUE
Centaurea montana,34,B,3,TRUE,1,TRUE
Centaurea montana,39,A,1,TRUE,0,FALSE
Centaurea scabiosa,21,C,10,TRUE,2,TRUE
Centaurea scabiosa,51,C,38,TRUE,26,TRUE
Centaurea scabiosa,52,C,2,TRUE,1,TRUE
Centaurea scabiosa,53,B,5,TRUE,9,TRUE
Centaurea scabiosa,53,C,2,TRUE,2,TRUE
Centaurea scabiosa,56,A,2,TRUE,0,FALSE
Centaurea scabiosa,56,B,5,TRUE,7,TRUE
Centaurea scabiosa,56,C,2,TRUE,0,FALSE
Centaurea scabiosa,57,B,3,TRUE,1,TRUE
Centaurea stoebe,38,C,9,TRUE,32,TRUE
Centaurea stoebe,55,C,3,TRUE,0,FALSE
Cerastium fontanum,19,B,20,TRUE,0,FALSE
Cerastium fontanum,21,B,7,TRUE,0,FALSE
Cerastium fontanum,22,C,2,TRUE,0,FALSE
Cerastium fontanum,28,B,3,TRUE,0,FALSE
Cerastium fontanum,34,B,5,TRUE,0,FALSE
Cerastium fontanum,35,B,1,TRUE,0,FALSE
Cerastium fontanum,44,A,12,TRUE,0,FALSE
Cerastium fontanum,46,A,3,TRUE,0,FALSE
Cerastium fontanum,46,C,3,TRUE,0,FALSE
Cerastium fontanum,47,B,8,TRUE,0,FALSE
Cerastium glomeratum,7,A,9,TRUE,0,FALSE
Cerastium glomeratum,16,C,1,TRUE,0,FALSE
Cerastium glomeratum,18,A,12,TRUE,0,FALSE
Cerastium glomeratum,28,B,5,TRUE,0,FALSE
Cerastium glomeratum,29,C,10,TRUE,0,FALSE
Cerastium glomeratum,45,B,10,TRUE,0,FALSE
Cerastium glomeratum,45,C,4,TRUE,0,FALSE
Cerastium glomeratum,50,A,34,TRUE,0,FALSE
Cerastium tomentosum,8,A,56,TRUE,0,FALSE
Cerastium tomentosum,35,A,32,TRUE,0,FALSE
Chaenomeles speciosa,19,A,133,TRUE,3,TRUE
Chelidonium majus,37,A,4,TRUE,0,FALSE
Chelidonium majus,40,A,24,TRUE,0,FALSE
Chelidonium majus,40,B,2,TRUE,0,FALSE
Chelidonium majus,42,A,15,TRUE,0,FALSE
Cichorium intybus,16,C,13,TRUE,2,TRUE
Cichorium intybus,24,C,11,TRUE,2,TRUE
Cichorium intybus,51,C,120,TRUE,6,TRUE
Cichorium intybus,56,C,1,TRUE,0,FALSE
Circaea lutetiana,1,C,11,TRUE,0,FALSE
Circaea lutetiana,8,C,25,TRUE,1,TRUE
Circaea lutetiana,10,C,91,TRUE,0,FALSE
Circaea lutetiana,20,C,11,TRUE,0,FALSE
Circaea lutetiana,28,C,64,TRUE,1,TRUE
Circaea lutetiana,31,C,631,TRUE,13,TRUE
Circaea lutetiana,35,C,54,TRUE,0,FALSE
Circaea lutetiana,36,C,45,TRUE,3,TRUE
Circaea lutetiana,37,C,22,TRUE,0,FALSE
Cirsium arvense,13,C,22,TRUE,18,TRUE
Cirsium arvense,35,C,17,TRUE,8,TRUE
Cirsium arvense,38,C,4,TRUE,0,FALSE
Cirsium arvense,44,C,33,TRUE,14,TRUE
Cirsium arvense,58,C,45,TRUE,10,TRUE
Cirsium vulgare,58,C,2,TRUE,8,TRUE
Clematis vitalba,55,C,51,TRUE,3,TRUE
Clinopodium vulgare,56,C,87,TRUE,2,TRUE
Clinopodium vulgare,60,C,87,TRUE,0,FALSE
Convallaria majalis,5,A,15,TRUE,0,FALSE
Convallaria majalis,10,A,280,TRUE,0,FALSE
Convallaria majalis,11,A,368,TRUE,0,FALSE
Convallaria majalis,29,A,17,TRUE,0,FALSE
Convallaria majalis,30,A,46,TRUE,0,FALSE
Convallaria majalis,33,A,13,TRUE,0,FALSE
Convolvulus arvensis,1,C,2,TRUE,1,TRUE
Convolvulus arvensis,2,C,1,TRUE,0,FALSE
Convolvulus arvensis,21,C,5,TRUE,3,TRUE
Coreopsis verticillata,26,C,43,TRUE,5,TRUE
Coriandrum sativum,7,B,80,TRUE,15,TRUE
Cornus sanguinea,14,B,1100,TRUE,1,TRUE
Cornus sanguinea,19,B,752,TRUE,3,TRUE
Cornus sanguinea,21,B,7525,TRUE,6,TRUE
Cornus sanguinea,23,B,628,TRUE,7,TRUE
Cornus sanguinea,33,A,89,TRUE,1,TRUE
Cornus sanguinea,37,B,77,TRUE,0,FALSE
Cornus sericea,19,C,91,TRUE,2,TRUE
Cota tinctoria,7,B,6,TRUE,1,TRUE
Cota tinctoria,7,C,54,TRUE,4,TRUE
Cota tinctoria,38,C,12,TRUE,1,TRUE
Cota tinctoria,51,C,2,TRUE,2,TRUE
Cotoneaster dammeri,32,B,82,TRUE,2,TRUE
Crataegus laevigata,47,B,5,TRUE,0,FALSE
Crepis biennis,14,B,10,TRUE,2,TRUE
Crepis biennis,16,B,7,TRUE,2,TRUE
Crepis biennis,17,B,79,TRUE,8,TRUE
Crepis biennis,21,A,19,TRUE,1,TRUE
Crepis biennis,21,B,10,TRUE,6,TRUE
Crepis biennis,34,B,47,TRUE,2,TRUE
Crepis biennis,43,B,3,TRUE,3,TRUE
Crepis biennis,47,B,86,TRUE,2,TRUE
Crepis biennis,57,B,52,TRUE,13,TRUE
Crepis biennis,59,B,16,TRUE,2,TRUE
Crepis biennis,60,A,44,TRUE,0,FALSE
Crepis biennis,60,B,3,TRUE,1,TRUE
Crepis capillaris,1,C,4,TRUE,1,TRUE
Crepis capillaris,18,C,103,TRUE,8,TRUE
Crepis capillaris,24,C,9,TRUE,4,TRUE
Crepis capillaris,33,C,4,TRUE,0,FALSE
Crepis capillaris,34,C,40,TRUE,9,TRUE
Crepis capillaris,35,C,44,TRUE,1,TRUE
Crepis capillaris,37,C,43,TRUE,5,TRUE
Crepis capillaris,45,C,91,TRUE,8,TRUE
Crepis capillaris,46,C,12,TRUE,0,FALSE
Crepis capillaris,48,C,5,TRUE,1,TRUE
Crocosmia _x crocosmiiflora,11,C,15,TRUE,3,TRUE
Crocosmia _x crocosmiiflora,12,C,28,TRUE,1,TRUE
Crocosmia _x crocosmiiflora,26,C,52,TRUE,13,TRUE
Crocosmia aurea,9,C,17,TRUE,0,FALSE
Crocosmia aurea,11,C,48,TRUE,2,TRUE
Cucumis sativus,4,C,2,TRUE,0,FALSE
Cucumis sativus,6,B,4,TRUE,0,FALSE
Cucurbita pepo,2,B,1,TRUE,0,FALSE
Cucurbita pepo,10,C,1,TRUE,0,FALSE
Cymbalaria muralis,20,A,12,TRUE,0,FALSE
Cynara cardunculus,7,C,1,TRUE,11,TRUE
Dahlia pinnata,29,C,4,TRUE,0,FALSE
Dasiphora fruticosa,26,A,4,TRUE,3,TRUE
Daucus carota,7,C,350,TRUE,2,TRUE
Daucus carota,24,C,75,TRUE,3,TRUE
Daucus carota,43,C,1014,TRUE,8,TRUE
Daucus carota,44,C,3750,TRUE,5,TRUE
Daucus carota,46,C,36300,TRUE,1,TRUE
Daucus carota,50,C,588,TRUE,0,FALSE
Daucus carota,51,C,1152,TRUE,1,TRUE
Daucus carota,52,C,202,TRUE,5,TRUE
Daucus carota,53,C,800,TRUE,1,TRUE
Daucus carota,56,C,2048,TRUE,2,TRUE
Deutzia crenata,44,B,76,TRUE,0,FALSE
Deutzia scabra,19,B,500,TRUE,6,TRUE
Dianthus armeria,32,C,36,TRUE,2,TRUE
Dianthus armeria,39,C,1,TRUE,0,FALSE
Dianthus armeria,58,C,7,TRUE,0,FALSE
Dianthus barbatus,3,B,22,TRUE,0,FALSE
Dianthus barbatus,3,C,14,TRUE,0,FALSE
Dianthus barbatus,7,B,127,TRUE,0,FALSE
Dianthus barbatus,11,B,5,TRUE,0,FALSE
Dianthus carthusianorum,15,B,6,TRUE,0,FALSE
Dianthus carthusianorum,15,C,9,TRUE,0,FALSE
Dianthus carthusianorum,17,B,6,TRUE,0,FALSE
Dianthus carthusianorum,38,A,18,TRUE,0,FALSE
Dianthus carthusianorum,38,B,13,TRUE,0,FALSE
Dianthus carthusianorum,38,C,1,TRUE,0,FALSE
Dianthus carthusianorum,50,A,75,TRUE,0,FALSE
Dianthus carthusianorum,50,B,2,TRUE,0,FALSE
Dianthus carthusianorum,51,B,82,TRUE,0,FALSE
Dianthus carthusianorum,53,A,53,TRUE,0,FALSE
Dianthus carthusianorum,53,B,28,TRUE,0,FALSE
Dianthus carthusianorum,53,C,1,TRUE,0,FALSE
Dianthus carthusianorum,55,A,35,TRUE,1,TRUE
Dianthus carthusianorum,59,A,73,TRUE,0,FALSE
Dianthus carthusianorum,59,B,54,TRUE,2,TRUE
Dianthus carthusianorum,59,C,10,TRUE,0,FALSE
Dianthus deltoides,8,A,7,TRUE,0,FALSE
Dianthus deltoides,34,B,7,TRUE,0,FALSE
Dianthus gratianopolitanus,29,B,4,TRUE,0,FALSE
Dianthus sylvestris,49,B,6,TRUE,0,FALSE
Dianthus sylvestris,59,B,5,TRUE,0,FALSE
Digitalis lutea,10,B,19,TRUE,2,TRUE
Echinacea purpurea,7,C,32,TRUE,2,TRUE
Echium vulgare,51,C,30,TRUE,3,TRUE
Echium vulgare,53,C,3,TRUE,0,FALSE
Echium vulgare,54,C,473,TRUE,70,TRUE
Echium vulgare,56,A,112,TRUE,12,TRUE
Echium vulgare,56,B,48,TRUE,8,TRUE
Echium vulgare,56,C,4,TRUE,0,FALSE
Echium vulgare,57,C,6,TRUE,8,TRUE
Echium vulgare,59,C,307,TRUE,13,TRUE
Epilobium ciliatum,35,C,1,TRUE,0,FALSE
Epilobium hirsutum,2,C,13,TRUE,3,TRUE
Epilobium hirsutum,35,C,4,TRUE,2,TRUE
Epilobium parviflorum,4,B,2,TRUE,0,FALSE
Erigeron annuus,16,C,1,TRUE,0,FALSE
Erigeron annuus,18,B,1,TRUE,0,FALSE
Erigeron annuus,50,B,1,TRUE,0,FALSE
Erigeron annuus,51,C,144,TRUE,1,TRUE
Erigeron annuus,53,C,3,TRUE,0,FALSE
Erigeron annuus,56,B,5,TRUE,0,FALSE
Erigeron annuus,58,C,2059,TRUE,10,TRUE
Erigeron karvinskianus,39,B,210,TRUE,0,FALSE
Eriocapitella hupehensis,9,C,8,TRUE,1,TRUE
Erodium cicutarium,60,A,26,TRUE,0,FALSE
Erysimum _x cheiri,9,A,7,TRUE,0,FALSE
Erysimum odoratum,8,A,1337,TRUE,2,TRUE
Erysimum odoratum,8,B,20,TRUE,2,TRUE
Eschscholzia californica,5,A,6,TRUE,0,FALSE
Euonymus europaeus,16,A,450,TRUE,0,FALSE
Eupatorium cannabinum,39,C,128,TRUE,3,TRUE
Eupatorium cannabinum,46,C,330,TRUE,21,TRUE
Euphorbia amygdaloides,20,A,308,TRUE,2,TRUE
Euphorbia characias,39,A,130,TRUE,5,TRUE
Euphorbia cyparissias,15,A,146,TRUE,0,FALSE
Euphorbia cyparissias,15,B,6,TRUE,0,FALSE
Euphorbia cyparissias,49,A,809,TRUE,1,TRUE
Euphorbia cyparissias,49,B,4,TRUE,0,FALSE
Euphorbia cyparissias,51,A,129,TRUE,0,FALSE
Euphorbia cyparissias,55,A,1650,TRUE,0,FALSE
Euphorbia lathyris,10,B,5,TRUE,1,TRUE
Euphorbia lathyris,58,A,23,TRUE,0,FALSE
Filipendula ulmaria,20,C,510,TRUE,31,TRUE
Filipendula ulmaria,31,C,71,TRUE,0,FALSE
Foeniculum vulgare,9,C,51,TRUE,0,FALSE
Forsythia suspensa,12,A,57,TRUE,0,FALSE
Fragaria _x ananassa,6,B,1,TRUE,0,FALSE
Fragaria _x ananassa,58,A,1,TRUE,0,FALSE
Fragaria vesca,2,A,4,TRUE,0,FALSE
Fragaria vesca,4,B,31,TRUE,0,FALSE
Fragaria vesca,4,C,6,TRUE,0,FALSE
Fragaria vesca,6,A,18,TRUE,1,TRUE
Fragaria vesca,10,A,12,TRUE,1,TRUE
Fragaria vesca,10,B,4,TRUE,0,FALSE
Fragaria vesca,11,B,10,TRUE,0,FALSE
Fragaria vesca,12,A,1,TRUE,0,FALSE
Fragaria vesca,12,B,3,TRUE,0,FALSE
Fragaria vesca,26,A,41,TRUE,0,FALSE
Fragaria vesca,28,B,2,TRUE,0,FALSE
Fragaria vesca,29,A,1,TRUE,0,FALSE
Fragaria vesca,30,A,6,TRUE,0,FALSE
Fragaria vesca,31,A,34,TRUE,0,FALSE
Fragaria vesca,31,B,36,TRUE,1,TRUE
Fragaria vesca,35,A,2,TRUE,0,FALSE
Fragaria vesca,43,A,2,TRUE,2,TRUE
Fragaria vesca,44,A,9,TRUE,0,FALSE
Fragaria vesca,46,A,4,TRUE,0,FALSE
Fragaria viridis,8,A,37,TRUE,0,FALSE
Fragaria viridis,36,B,18,TRUE,0,FALSE
Fuchsia magellanica,9,C,9,TRUE,0,FALSE
Fuchsia magellanica,28,C,17,TRUE,0,FALSE
Fuchsia magellanica,30,C,64,TRUE,0,FALSE
Galeopsis angustifolia,9,C,66,TRUE,0,FALSE
Galium album,13,C,96,TRUE,0,FALSE
Galium album,14,B,233,TRUE,0,FALSE
Galium album,16,C,15,TRUE,0,FALSE
Galium album,17,B,111,TRUE,0,FALSE
Galium album,19,B,40,TRUE,0,FALSE
Galium album,21,B,769,TRUE,0,FALSE
Galium album,34,C,40,TRUE,0,FALSE
Galium album,35,B,150,TRUE,0,FALSE
Galium album,37,C,140,TRUE,0,FALSE
Galium album,44,B,1028,TRUE,0,FALSE
Galium album,44,C,246,TRUE,0,FALSE
Galium album,45,B,66,TRUE,0,FALSE
Galium album,45,C,105,TRUE,0,FALSE
Galium album,46,B,141,TRUE,0,FALSE
Galium album,46,C,49,TRUE,0,FALSE
Galium album,48,B,100,TRUE,0,FALSE
Galium album,49,C,120,TRUE,0,FALSE
Galium album,50,A,210,TRUE,0,FALSE
Galium album,51,C,27,TRUE,0,FALSE
Galium album,53,A,31,TRUE,0,FALSE
Galium album,53,B,321,TRUE,0,FALSE
Galium album,53,C,39,TRUE,0,FALSE
Galium album,54,A,14,TRUE,0,FALSE
Galium album,56,B,45,TRUE,0,FALSE
Galium album,56,C,391,TRUE,0,FALSE
Galium album,57,C,10087,TRUE,0,FALSE
Galium album,60,B,100,TRUE,0,FALSE
Galium mollugo,4,A,150,TRUE,0,FALSE
Galium mollugo,13,A,7,TRUE,0,FALSE
Galium mollugo,13,B,1834,TRUE,0,FALSE
Galium mollugo,14,C,511,TRUE,0,FALSE
Galium mollugo,21,C,393,TRUE,0,FALSE
Galium mollugo,23,B,346,TRUE,0,FALSE
Galium mollugo,34,B,258,TRUE,0,FALSE
Galium mollugo,36,C,11,TRUE,0,FALSE
Galium mollugo,38,B,1012,TRUE,0,FALSE
Galium mollugo,38,C,126,TRUE,0,FALSE
Galium mollugo,43,A,13,TRUE,0,FALSE
Galium mollugo,43,B,241,TRUE,0,FALSE
Galium mollugo,43,C,423,TRUE,0,FALSE
Galium mollugo,45,A,275,TRUE,0,FALSE
Galium mollugo,48,A,6,TRUE,0,FALSE
Galium mollugo,50,B,325,TRUE,0,FALSE
Galium mollugo,51,B,208,TRUE,0,FALSE
Galium mollugo,52,C,45,TRUE,0,FALSE
Galium mollugo,54,B,94,TRUE,0,FALSE
Galium mollugo,55,A,60,TRUE,0,FALSE
Galium mollugo,55,C,5,TRUE,0,FALSE
Galium mollugo,56,A,2097,TRUE,0,FALSE
Galium mollugo,57,B,544,TRUE,0,FALSE
Galium mollugo,59,A,16,TRUE,0,FALSE
Galium mollugo,60,A,1020,TRUE,0,FALSE
Galium mollugo,60,C,97,TRUE,0,FALSE
Galium mollugo aggr.,44,A,2,TRUE,0,FALSE
Galium odoratum,33,A,140,TRUE,0,FALSE
Galium odoratum,46,A,89,TRUE,0,FALSE
Galium palustre,46,B,400,TRUE,0,FALSE
Galium verum,17,C,600,TRUE,0,FALSE
Galium verum,21,C,71,TRUE,0,FALSE
Galium verum,49,B,1292,TRUE,0,FALSE
Galium verum,49,C,5877,TRUE,15,TRUE
Galium verum,50,B,14680,TRUE,1,TRUE
Galium verum,53,C,1260,TRUE,0,FALSE
Galium verum,55,B,20,TRUE,0,FALSE
Galium verum,57,C,30,TRUE,0,FALSE
Geranium antisanae,17,B,1,TRUE,0,FALSE
Geranium endressii,22,B,14,TRUE,1,TRUE
Geranium endressii,32,C,3,TRUE,5,TRUE
Geranium endressii,33,A,3,TRUE,0,FALSE
Geranium endressii,33,B,29,TRUE,3,TRUE
Geranium endressii,33,C,3,TRUE,5,TRUE
Geranium endressii,35,B,17,TRUE,0,FALSE
Geranium ibericum,36,B,34,TRUE,2,TRUE
Geranium macrorrhizum,20,A,9,TRUE,6,TRUE
Geranium macrorrhizum,20,B,9,TRUE,6,TRUE
Geranium macrorrhizum,33,A,23,TRUE,1,TRUE
Geranium macrorrhizum,41,B,59,TRUE,2,TRUE
Geranium macrorrhizum,44,B,52,TRUE,11,TRUE
Geranium macrorrhizum,47,A,20,TRUE,10,TRUE
Geranium magnificum,20,B,25,TRUE,2,TRUE
Geranium nodosum,22,A,2,TRUE,1,TRUE
Geranium nodosum,22,C,4,TRUE,0,FALSE
Geranium nodosum,31,B,16,TRUE,0,FALSE
Geranium nodosum,31,C,51,TRUE,5,TRUE
Geranium nodosum,33,B,11,TRUE,0,FALSE
Geranium nodosum,37,C,87,TRUE,18,TRUE
Geranium palustre,9,B,16,TRUE,0,FALSE
Geranium platypetalum,26,C,5,TRUE,0,FALSE
Geranium platypetalum,32,B,13,TRUE,4,TRUE
Geranium pratense,9,B,4,TRUE,0,FALSE
Geranium pratense,46,C,17,TRUE,4,TRUE
Geranium pratense,60,C,39,TRUE,45,TRUE
Geranium purpureum,37,B,4,TRUE,0,FALSE
Geranium pusillum,18,B,62,TRUE,0,FALSE
Geranium pusillum,18,C,1,TRUE,0,FALSE
Geranium pusillum,38,A,37,TRUE,0,FALSE
Geranium pusillum,48,C,4,TRUE,0,FALSE
Geranium pyrenaicum,5,B,5,TRUE,0,FALSE
Geranium pyrenaicum,13,A,33,TRUE,7,TRUE
Geranium pyrenaicum,13,B,31,TRUE,1,TRUE
Geranium pyrenaicum,20,B,7,TRUE,0,FALSE
Geranium pyrenaicum,24,A,5,TRUE,0,FALSE
Geranium pyrenaicum,38,A,4,TRUE,5,TRUE
Geranium pyrenaicum,52,B,18,TRUE,0,FALSE
Geranium pyrenaicum,56,A,7,TRUE,0,FALSE
Geranium pyrenaicum,56,B,7,TRUE,0,FALSE
Geranium pyrenaicum,56,C,8,TRUE,0,FALSE
Geranium pyrenaicum,60,B,11,TRUE,0,FALSE
Geranium rivulare,26,A,12,TRUE,6,TRUE
Geranium rivulare,26,B,10,TRUE,4,TRUE
Geranium robertianum,2,A,12,TRUE,0,FALSE
Geranium robertianum,2,B,1,TRUE,0,FALSE
Geranium robertianum,2,C,3,TRUE,1,TRUE
Geranium robertianum,10,A,26,TRUE,0,FALSE
Geranium robertianum,10,B,8,TRUE,0,FALSE
Geranium robertianum,31,B,2,TRUE,0,FALSE
Geranium robertianum,44,A,1,TRUE,0,FALSE
Geranium robertianum,55,A,9,TRUE,0,FALSE
Geranium sanguineum,1,A,1,TRUE,0,FALSE
Geranium sanguineum,15,B,88,TRUE,2,TRUE
Geranium sanguineum,21,C,54,TRUE,5,TRUE
Geranium sanguineum,22,A,84,TRUE,3,TRUE
Geranium sanguineum,22,B,49,TRUE,2,TRUE
Geranium sanguineum,26,A,35,TRUE,3,TRUE
Geranium sanguineum,26,B,59,TRUE,21,TRUE
Geranium sanguineum,26,C,8,TRUE,4,TRUE
Geranium sanguineum,27,A,11,TRUE,2,TRUE
Geranium sanguineum,27,B,13,TRUE,1,TRUE
Geranium sanguineum,27,C,5,TRUE,0,FALSE
Geranium sanguineum,30,B,14,TRUE,0,FALSE
Geranium sanguineum,32,B,12,TRUE,0,FALSE
Geranium sanguineum,32,C,15,TRUE,1,TRUE
Geranium sylvaticum,37,B,10,TRUE,2,TRUE
"Geranium wallichianum ""Rozanne""",9,C,1,TRUE,0,FALSE
"Geranium wallichianum ""Rozanne""",27,C,50,TRUE,0,FALSE
Geranium wlassovianum,9,B,2,TRUE,0,FALSE
Geum coccineum,7,B,16,TRUE,3,TRUE
Geum urbanum,1,B,13,TRUE,0,FALSE
Geum urbanum,2,C,3,TRUE,0,FALSE
Geum urbanum,10,A,4,TRUE,0,FALSE
Geum urbanum,10,B,4,TRUE,0,FALSE
Geum urbanum,12,B,7,TRUE,1,TRUE
Geum urbanum,16,A,1,TRUE,0,FALSE
Geum urbanum,20,B,14,TRUE,1,TRUE
Geum urbanum,23,B,6,TRUE,0,FALSE
Geum urbanum,23,C,3,TRUE,0,FALSE
Geum urbanum,27,B,1,TRUE,0,FALSE
Geum urbanum,28,B,6,TRUE,0,FALSE
Geum urbanum,31,B,4,TRUE,1,TRUE
Geum urbanum,35,A,2,TRUE,0,FALSE
Geum urbanum,35,B,1,TRUE,0,FALSE
Geum urbanum,36,B,1,TRUE,1,TRUE
Geum urbanum,37,B,18,TRUE,0,FALSE
Geum urbanum,42,B,2,TRUE,0,FALSE
Geum urbanum,45,A,12,TRUE,0,FALSE
Geum urbanum,45,B,15,TRUE,2,TRUE
Geum urbanum,45,C,5,TRUE,0,FALSE
Geum urbanum,46,A,4,TRUE,0,FALSE
Geum urbanum,48,B,13,TRUE,1,TRUE
Geum urbanum,48,C,24,TRUE,0,FALSE
Geum urbanum,58,A,18,TRUE,0,FALSE
Geum urbanum,58,B,5,TRUE,0,FALSE
Geum urbanum,60,A,2,TRUE,0,FALSE
Gladiolus communis,11,C,5,TRUE,0,FALSE
Gladiolus communis,27,C,2,TRUE,0,FALSE
Gladiolus italicus,27,A,4,TRUE,0,FALSE
Glechoma hederacea,14,A,2,TRUE,0,FALSE
Glechoma hederacea,17,A,98,TRUE,1,TRUE
Glechoma hederacea,18,A,12,TRUE,0,FALSE
Glechoma hederacea,20,A,75,TRUE,6,TRUE
Glechoma hederacea,21,A,15,TRUE,0,FALSE
Glechoma hederacea,23,A,9,TRUE,0,FALSE
Glechoma hederacea,29,A,3,TRUE,0,FALSE
Glechoma hederacea,33,A,6,TRUE,0,FALSE
Glechoma hederacea,34,A,48,TRUE,1,TRUE
Glechoma hederacea,36,A,25,TRUE,0,FALSE
Glechoma hederacea,38,A,5,TRUE,0,FALSE
Glechoma hederacea,40,A,17,TRUE,3,TRUE
Glechoma hederacea,44,A,27,TRUE,0,FALSE
Glechoma hederacea,45,A,34,TRUE,2,TRUE
Glechoma hederacea,48,B,11,TRUE,0,FALSE
Helianthemum nummularium,15,C,12,TRUE,8,TRUE
Helianthemum nummularium,27,A,5,TRUE,0,FALSE
Helianthemum nummularium,27,B,9,TRUE,2,TRUE
Helianthemum nummularium,30,A,362,TRUE,4,TRUE
Helianthemum nummularium,35,B,20,TRUE,0,FALSE
Helianthemum nummularium,49,A,50,TRUE,1,TRUE
Helianthemum nummularium,49,C,11,TRUE,1,TRUE
Helianthemum nummularium,55,C,6,TRUE,1,TRUE
Helianthemum nummularium,59,B,32,TRUE,5,TRUE
Helianthemum nummularium,59,C,2,TRUE,1,TRUE
Helianthus annuus,6,C,1,TRUE,2,TRUE
Hemerocallis fulva,12,C,20,TRUE,0,FALSE
Hemerocallis lilioasphodelus,11,B,25,TRUE,0,FALSE
Hemerocallis lilioasphodelus,12,B,1,TRUE,0,FALSE
Hemerocallis minor,32,B,4,TRUE,0,FALSE
Heracleum sphondylium,48,C,104,TRUE,1,TRUE
Heracleum sphondylium,57,C,234,TRUE,1,TRUE
Hesperis matronalis,10,B,4,TRUE,0,FALSE
Hesperis matronalis,10,C,9,TRUE,0,FALSE
Hieracium murorum,43,A,13,TRUE,3,TRUE
Hieracium piloselloides,54,B,339,TRUE,0,FALSE
Hippocrepis comosa,55,A,1535,TRUE,7,TRUE
Hippocrepis comosa,59,B,350,TRUE,5,TRUE
Hippocrepis emerus,21,A,138,TRUE,1,TRUE
Hyacinthoides _x massartiana,27,A,24,TRUE,0,FALSE
Hyacinthoides _x massartiana,32,A,24,TRUE,2,TRUE
Hyacinthoides hispanica,4,A,45,TRUE,0,FALSE
Hyacinthoides hispanica,11,A,37,TRUE,4,TRUE
Hyacinthoides hispanica,29,A,57,TRUE,1,TRUE
Hydrangea arborescens,8,C,96,TRUE,0,FALSE
Hydrangea macrophylla,2,C,621,TRUE,0,FALSE
Hydrangea macrophylla,18,C,374,TRUE,3,TRUE
Hydrangea macrophylla,26,B,65,TRUE,0,FALSE
Hydrangea macrophylla,28,B,384,TRUE,0,FALSE
Hydrangea macrophylla,34,C,280,TRUE,2,TRUE
Hydrangea paniculata,18,C,100,TRUE,0,FALSE
Hydrangea quercifolia,20,C,2000,TRUE,9,TRUE
Hypericum calycinum,19,C,3,TRUE,4,TRUE
Hypericum calycinum,30,B,21,TRUE,9,TRUE
Hypericum calycinum,32,C,13,TRUE,8,TRUE
Hypericum calycinum,44,C,5,TRUE,6,TRUE
Hypericum perforatum,13,C,41,TRUE,1,TRUE
Hypericum perforatum,14,C,1,TRUE,0,FALSE
Hypericum perforatum,35,C,43,TRUE,0,FALSE
Hypericum perforatum,38,C,4,TRUE,0,FALSE
Hypericum perforatum,44,C,18,TRUE,4,TRUE
Hypericum perforatum,49,C,12,TRUE,0,FALSE
Hypericum perforatum,51,C,19,TRUE,0,FALSE
Hypericum perforatum,55,C,21,TRUE,0,FALSE
Hypochaeris radicata,16,C,20,TRUE,1,TRUE
Hypochaeris radicata,18,B,7,TRUE,0,FALSE
Hypochaeris radicata,18,C,4,TRUE,0,FALSE
Hypochaeris radicata,24,C,2,TRUE,0,FALSE
Hypochaeris radicata,26,B,2,TRUE,0,FALSE
Hypochaeris radicata,26,C,8,TRUE,1,TRUE
Hypochaeris radicata,46,B,1,TRUE,2,TRUE
Hypochaeris radicata,48,C,52,TRUE,6,TRUE
Hypochaeris radicata,52,B,1,TRUE,0,FALSE
Hypochaeris radicata,53,B,1,TRUE,0,FALSE
Iberis sempervirens,29,A,2481,TRUE,1,TRUE
Ilex aquifolium,39,A,59,TRUE,2,TRUE
Impatiens walleriana,29,C,120,TRUE,0,FALSE
Indigofera heterantha,33,C,89,TRUE,0,FALSE
Ipomoea purpurea,10,C,2,TRUE,0,FALSE
Iris _x germanica,11,B,9,TRUE,1,TRUE
Iris _x germanica,32,B,8,TRUE,1,TRUE
Iris pallida,8,A,12,TRUE,0,FALSE
Iris xiphium,3,A,6,TRUE,0,FALSE
Knautia arvensis,19,B,26,TRUE,25,TRUE
Knautia arvensis,21,A,9,TRUE,1,TRUE
Knautia arvensis,21,C,6,TRUE,0,FALSE
Knautia arvensis,45,A,13,TRUE,4,TRUE
Knautia arvensis,56,A,5,TRUE,8,TRUE
Knautia arvensis,56,B,3,TRUE,3,TRUE
Knautia arvensis,60,C,1,TRUE,0,FALSE
Knautia dipsacifolia,14,B,6,TRUE,0,FALSE
Knautia dipsacifolia,56,B,1,TRUE,0,FALSE
Knautia dipsacifolia,56,C,5,TRUE,3,TRUE
Lamium galeobdolon,23,A,6,TRUE,0,FALSE
Lamium galeobdolon,31,A,41,TRUE,1,TRUE
Lamium purpureum,17,A,6,TRUE,0,FALSE
Lamium purpureum,40,A,3,TRUE,0,FALSE
Lapsana communis,24,B,10,TRUE,0,FALSE
Lapsana communis,34,C,4,TRUE,0,FALSE
Lapsana communis,35,B,6,TRUE,0,FALSE
Lapsana communis,56,B,63,TRUE,0,FALSE
Lathyrus latifolius,7,B,13,TRUE,0,FALSE
Lathyrus latifolius,36,C,13,TRUE,1,TRUE
Lathyrus odoratus,2,B,2,TRUE,0,FALSE
Lathyrus oleraceus,7,B,8,TRUE,0,FALSE
Lavandula angustifolia,4,C,12,TRUE,0,FALSE
Lavandula angustifolia,7,C,105,TRUE,28,TRUE
Lavandula angustifolia,26,C,62,TRUE,15,TRUE
Lavandula angustifolia,32,C,400,TRUE,21,TRUE
Lavandula angustifolia,33,B,896,TRUE,5,TRUE
Lavandula angustifolia,39,C,14,TRUE,0,FALSE
Leontodon hispidus,16,B,5,TRUE,1,TRUE
Leontodon hispidus,40,C,5,TRUE,1,TRUE
Leontodon hispidus,50,C,1,TRUE,2,TRUE
Leontodon sp.,35,C,13,TRUE,0,FALSE
Leonurus cardiaca,10,C,540,TRUE,4,TRUE
Leucanthemum maximum,9,C,58,TRUE,4,TRUE
Leucanthemum vulgare,13,A,47,TRUE,3,TRUE
Leucanthemum vulgare,13,B,11,TRUE,0,FALSE
Leucanthemum vulgare,14,B,36,TRUE,0,FALSE
Leucanthemum vulgare,19,B,11,TRUE,0,FALSE
Leucanthemum vulgare,21,B,28,TRUE,4,TRUE
Leucanthemum vulgare,21,C,3,TRUE,0,FALSE
Leucanthemum vulgare,35,A,21,TRUE,1,TRUE
Leucanthemum vulgare,35,B,14,TRUE,0,FALSE
Leucanthemum vulgare,37,B,6,TRUE,0,FALSE
Leucanthemum vulgare,38,B,7,TRUE,0,FALSE
Leucanthemum vulgare,39,C,8,TRUE,0,FALSE
Leucanthemum vulgare,43,B,36,TRUE,0,FALSE
Leucanthemum vulgare,44,B,43,TRUE,0,FALSE
Leucanthemum vulgare,44,C,7,TRUE,0,FALSE
Leucanthemum vulgare,45,B,41,TRUE,0,FALSE
Leucanthemum vulgare,49,A,30,TRUE,0,FALSE
Leucanthemum vulgare,50,A,76,TRUE,5,TRUE
Leucanthemum vulgare,50,B,2,TRUE,0,FALSE
Leucanthemum vulgare,52,A,104,TRUE,1,TRUE
Leucanthemum vulgare,52,B,92,TRUE,2,TRUE
Leucanthemum vulgare,52,C,2,TRUE,1,TRUE
Leucanthemum vulgare,53,B,58,TRUE,7,TRUE
Leucanthemum vulgare,57,B,9,TRUE,0,FALSE
Leucanthemum vulgare,57,C,4,TRUE,0,FALSE
Leucanthemum vulgare,58,B,1,TRUE,1,TRUE
Leucanthemum vulgare,60,A,2,TRUE,0,FALSE
Ligustrum obtusifolium,16,B,277,TRUE,19,TRUE
Ligustrum obtusifolium,24,B,110,TRUE,2,TRUE
Ligustrum vulgare,44,B,1520,TRUE,12,TRUE
Ligustrum vulgare,44,C,350,TRUE,18,TRUE
Ligustrum vulgare,46,B,46,TRUE,1,TRUE
Ligustrum vulgare,60,B,1232,TRUE,8,TRUE
Linaria purpurea,5,C,44,TRUE,1,TRUE
Linaria purpurea,10,B,50,TRUE,0,FALSE
Linaria purpurea,10,C,80,TRUE,1,TRUE
Linaria purpurea,30,B,26,TRUE,0,FALSE
Linaria purpurea,33,B,65,TRUE,4,TRUE
Linaria vulgaris,54,C,5,TRUE,0,FALSE
Linnaea amabilis,17,B,59,TRUE,2,TRUE
Linnaea amabilis,20,A,1550,TRUE,7,TRUE
Linnaea amabilis,21,B,1207,TRUE,5,TRUE
Lonicera ligustrina,34,A,74,TRUE,0,FALSE
Lonicera xylosteum,14,A,163,TRUE,5,TRUE
Lotus corniculatus,13,B,26,TRUE,1,TRUE
Lotus corniculatus,13,C,38,TRUE,3,TRUE
Lotus corniculatus,14,C,91,TRUE,1,TRUE
Lotus corniculatus,16,C,8,TRUE,0,FALSE
Lotus corniculatus,17,B,57,TRUE,1,TRUE
Lotus corniculatus,17,C,46,TRUE,0,FALSE
Lotus corniculatus,21,B,5,TRUE,0,FALSE
Lotus corniculatus,21,C,5,TRUE,1,TRUE
Lotus corniculatus,37,C,11,TRUE,2,TRUE
Lotus corniculatus,38,A,8,TRUE,0,FALSE
Lotus corniculatus,38,B,10,TRUE,0,FALSE
Lotus corniculatus,43,C,60,TRUE,3,TRUE
Lotus corniculatus,44,C,69,TRUE,0,FALSE
Lotus corniculatus,45,B,24,TRUE,0,FALSE
Lotus corniculatus,45,C,60,TRUE,9,TRUE
Lotus corniculatus,48,B,72,TRUE,1,TRUE
Lotus corniculatus,48,C,20,TRUE,4,TRUE
Lotus corniculatus,49,A,5,TRUE,2,TRUE
Lotus corniculatus,49,B,30,TRUE,0,FALSE
Lotus corniculatus,49,C,356,TRUE,4,TRUE
Lotus corniculatus,50,A,204,TRUE,9,TRUE
Lotus corniculatus,50,B,150,TRUE,3,TRUE
Lotus corniculatus,50,C,854,TRUE,20,TRUE
Lotus corniculatus,51,C,351,TRUE,10,TRUE
Lotus corniculatus,52,B,26,TRUE,1,TRUE
Lotus corniculatus,52,C,11,TRUE,2,TRUE
Lotus corniculatus,53,B,19,TRUE,1,TRUE
Lotus corniculatus,53,C,788,TRUE,18,TRUE
Lotus corniculatus,54,C,32,TRUE,0,FALSE
Lotus corniculatus,55,A,44,TRUE,0,FALSE
Lotus corniculatus,55,B,30,TRUE,1,TRUE
Lotus corniculatus,55,C,5,TRUE,0,FALSE
Lotus corniculatus,56,B,49,TRUE,1,TRUE
Lotus corniculatus,56,C,48,TRUE,3,TRUE
Lotus corniculatus,57,B,13,TRUE,0,FALSE
Lotus corniculatus,57,C,205,TRUE,6,TRUE
Lotus corniculatus,58,B,22,TRUE,0,FALSE
Lotus corniculatus,58,C,6,TRUE,0,FALSE
Lysimachia arvensis,3,B,1,TRUE,0,FALSE
Lysimachia arvensis,3,C,2,TRUE,0,FALSE
Lysimachia arvensis,9,C,4,TRUE,0,FALSE
Lysimachia ciliata,9,C,110,TRUE,0,FALSE
Lysimachia ciliata,41,C,7,TRUE,0,FALSE
Lysimachia japonica,26,B,153,TRUE,0,FALSE
Lysimachia nemorum,31,A,7,TRUE,0,FALSE
Lysimachia nemorum,31,B,28,TRUE,1,TRUE
Lysimachia punctata,2,B,12,TRUE,0,FALSE
Lysimachia punctata,3,B,140,TRUE,0,FALSE
Lysimachia punctata,3,C,685,TRUE,2,TRUE
Lysimachia punctata,37,C,60,TRUE,0,FALSE
Lysimachia vulgaris,12,C,65,TRUE,4,TRUE
Lythrum salicaria,3,C,47,TRUE,2,TRUE
Lythrum salicaria,9,C,162,TRUE,18,TRUE
Lythrum salicaria,10,C,1037,TRUE,14,TRUE
Malus pumila,28,A,2,TRUE,0,FALSE
Malus sylvestris,31,A,49,TRUE,5,TRUE
Malva alcea,44,C,1,TRUE,0,FALSE
Malva alcea,51,C,39,TRUE,7,TRUE
Malva arborea,10,C,13,TRUE,3,TRUE
Malva moschata,55,C,4,TRUE,3,TRUE
Malva sylvestris,1,C,2,TRUE,0,FALSE
Malva sylvestris,3,C,6,TRUE,3,TRUE
Malva sylvestris,24,B,11,TRUE,1,TRUE
Matricaria chamomilla,7,B,224,TRUE,6,TRUE
Matricaria chamomilla,7,C,38,TRUE,0,FALSE
Matricaria chamomilla,9,B,10,TRUE,0,FALSE
Matricaria chamomilla,9,C,36,TRUE,0,FALSE
Medicago lupulina,15,B,18,TRUE,0,FALSE
Medicago lupulina,17,B,140,TRUE,0,FALSE
Medicago lupulina,17,C,20,TRUE,1,TRUE
Medicago lupulina,18,A,152,TRUE,0,FALSE
Medicago lupulina,18,B,16634,TRUE,2,TRUE
Medicago lupulina,18,C,1104,TRUE,0,FALSE
Medicago lupulina,19,B,811,TRUE,0,FALSE
Medicago lupulina,20,B,80,TRUE,0,FALSE
Medicago lupulina,20,C,60,TRUE,0,FALSE
Medicago lupulina,21,B,722,TRUE,0,FALSE
Medicago lupulina,21,C,14,TRUE,0,FALSE
Medicago lupulina,22,A,192,TRUE,0,FALSE
Medicago lupulina,24,C,170,TRUE,1,TRUE
Medicago lupulina,35,A,491,TRUE,1,TRUE
Medicago lupulina,35,B,171,TRUE,0,FALSE
Medicago lupulina,37,C,288,TRUE,2,TRUE
Medicago lupulina,38,B,105,TRUE,0,FALSE
Medicago lupulina,40,C,91,TRUE,0,FALSE
Medicago lupulina,44,A,76,TRUE,0,FALSE
Medicago lupulina,44,B,1222,TRUE,1,TRUE
Medicago lupulina,45,A,14,TRUE,0,FALSE
Medicago lupulina,46,B,275,TRUE,0,FALSE
Medicago lupulina,46,C,8,TRUE,0,FALSE
Medicago lupulina,47,B,644,TRUE,0,FALSE
Medicago lupulina,48,A,25,TRUE,0,FALSE
Medicago lupulina,48,B,345,TRUE,0,FALSE
Medicago lupulina,49,A,100,TRUE,0,FALSE
Medicago lupulina,49,B,59,TRUE,0,FALSE
Medicago lupulina,50,A,870,TRUE,2,TRUE
Medicago lupulina,52,B,7930,TRUE,6,TRUE
Medicago lupulina,53,A,18,TRUE,0,FALSE
Medicago lupulina,53,B,365,TRUE,0,FALSE
Medicago lupulina,53,C,72,TRUE,0,FALSE
Medicago lupulina,54,A,616,TRUE,0,FALSE
Medicago lupulina,54,B,284,TRUE,0,FALSE
Medicago lupulina,54,C,19,TRUE,0,FALSE
Medicago lupulina,56,B,168,TRUE,0,FALSE
Medicago lupulina,56,C,455,TRUE,0,FALSE
Medicago lupulina,57,B,320,TRUE,0,FALSE
Medicago lupulina,57,C,156,TRUE,0,FALSE
Medicago lupulina,58,A,1163,TRUE,1,TRUE
Medicago lupulina,58,B,112,TRUE,1,TRUE
Medicago lupulina,59,A,144,TRUE,0,FALSE
Medicago lupulina,59,B,448,TRUE,1,TRUE
Medicago sativa,3,C,80,TRUE,0,FALSE
Medicago sativa,13,C,510,TRUE,3,TRUE
Medicago sativa,17,C,552,TRUE,7,TRUE
Medicago sativa,21,C,22,TRUE,0,FALSE
Medicago sativa,38,B,26,TRUE,0,FALSE
Medicago sativa,38,C,93,TRUE,0,FALSE
Medicago sativa,49,B,804,TRUE,8,TRUE
Medicago sativa,50,C,198,TRUE,8,TRUE
Medicago sativa,53,C,1725,TRUE,11,TRUE
Medicago sativa,54,B,730,TRUE,1,TRUE
Medicago sativa,54,C,874,TRUE,21,TRUE
Medicago sativa,55,C,35,TRUE,1,TRUE
Medicago sativa,56,B,51,TRUE,2,TRUE
Medicago sativa,56,C,16,TRUE,3,TRUE
Medicago sativa,57,B,45,TRUE,0,FALSE
Medicago sativa,58,C,162,TRUE,0,FALSE
Medicago sativa,59,C,246,TRUE,0,FALSE
Medicago sativa,60,C,658,TRUE,2,TRUE
Melilotus albus,49,B,217,TRUE,0,FALSE
Melilotus albus,51,C,1114,TRUE,21,TRUE
Melilotus albus,55,C,111,TRUE,0,FALSE
Melilotus albus,58,C,111,TRUE,23,TRUE
Melilotus officinalis,17,B,12,TRUE,0,FALSE
Melilotus officinalis,27,C,38,TRUE,1,TRUE
Melilotus officinalis,52,B,5,TRUE,7,TRUE
Melilotus officinalis,58,B,15,TRUE,0,FALSE
Melilotus officinalis,58,C,278,TRUE,36,TRUE
Melissa officinalis,2,C,5,TRUE,2,TRUE
Melissa officinalis,10,C,13,TRUE,4,TRUE
Melissa officinalis,33,C,27,TRUE,2,TRUE
Mentha spicata,35,C,165,TRUE,1,TRUE
Mentha spicata,39,C,176,TRUE,18,TRUE
Muscari botryoides,12,A,90,TRUE,1,TRUE
Muscari botryoides,41,A,868,TRUE,1,TRUE
Myosotis alpestris,1,A,234,TRUE,2,TRUE
Myosotis alpestris,4,A,533,TRUE,0,FALSE
Myosotis alpestris,7,A,1890,TRUE,7,TRUE
Myosotis arvensis,3,A,127,TRUE,1,TRUE
Myosotis arvensis,5,A,1457,TRUE,8,TRUE
Myosotis arvensis,5,B,65,TRUE,0,FALSE
Myosotis arvensis,5,C,5,TRUE,0,FALSE
Myosotis arvensis,7,B,12,TRUE,0,FALSE
Myosotis arvensis,10,A,883,TRUE,5,TRUE
Myosotis arvensis,60,A,521,TRUE,0,FALSE
Narcissus jonquilla,9,A,4,TRUE,0,FALSE
Narcissus medio-luteus,9,A,1,TRUE,0,FALSE
Narcissus poeticus,12,A,88,TRUE,0,FALSE
Narcissus poeticus,38,A,1,TRUE,0,FALSE
Nigella damascena,2,A,3,TRUE,1,TRUE
Nigella damascena,2,C,5,TRUE,0,FALSE
Nigella damascena,3,B,96,TRUE,27,TRUE
Nigella damascena,3,C,23,TRUE,1,TRUE
Nigella damascena,5,B,14,TRUE,5,TRUE
Nigella damascena,7,B,20,TRUE,5,TRUE
Nigella damascena,7,C,7,TRUE,0,FALSE
Nigella damascena,8,B,2,TRUE,3,TRUE
Nigella damascena,9,B,71,TRUE,12,TRUE
Nigella damascena,10,A,5,TRUE,0,FALSE
Nigella damascena,10,B,102,TRUE,26,TRUE
Nigella damascena,10,C,12,TRUE,2,TRUE
Nigella damascena,27,B,1,TRUE,1,TRUE
Nigella sativa,2,B,432,TRUE,23,TRUE
Nigella sativa,5,C,1,TRUE,0,FALSE
Ocimum basilicum,4,C,31,TRUE,0,FALSE
Oenothera biennis,2,C,3,TRUE,0,FALSE
Oenothera biennis,15,C,24,TRUE,0,FALSE
Oenothera biennis,27,C,15,TRUE,2,TRUE
Oenothera biennis,39,C,9,TRUE,1,TRUE
Oenothera lindheimeri,26,B,9,TRUE,0,FALSE
Oenothera lindheimeri,26,C,178,TRUE,15,TRUE
Onobrychis viciifolia,15,B,202,TRUE,9,TRUE
Onobrychis viciifolia,32,C,34,TRUE,0,FALSE
Onobrychis viciifolia,38,B,55,TRUE,11,TRUE
Onobrychis viciifolia,50,A,148,TRUE,13,TRUE
Onobrychis viciifolia,51,B,12,TRUE,5,TRUE
Onobrychis viciifolia,52,A,1866,TRUE,22,TRUE
Onobrychis viciifolia,52,C,18,TRUE,0,FALSE
Onobrychis viciifolia,53,B,717,TRUE,27,TRUE
Onobrychis viciifolia,53,C,5,TRUE,0,FALSE
Onobrychis viciifolia,55,A,51,TRUE,4,TRUE
Onobrychis viciifolia,56,A,82,TRUE,2,TRUE
Onobrychis viciifolia,56,B,29,TRUE,3,TRUE
Onobrychis viciifolia,59,B,23,TRUE,21,TRUE
Onobrychis viciifolia,59,C,121,TRUE,30,TRUE
Ononis spinosa,38,C,4,TRUE,4,TRUE
Origanum vulgare,5,C,452,TRUE,12,TRUE
Origanum vulgare,9,C,642,TRUE,78,TRUE
Origanum vulgare,10,C,1200,TRUE,20,TRUE
Origanum vulgare,22,C,873,TRUE,137,TRUE
Origanum vulgare,35,C,152,TRUE,6,TRUE
Origanum vulgare,39,C,48,TRUE,11,TRUE
Origanum vulgare,44,C,229,TRUE,17,TRUE
Origanum vulgare,49,C,870,TRUE,45,TRUE
Origanum vulgare,52,C,60,TRUE,12,TRUE
Origanum vulgare,55,C,160,TRUE,1,TRUE
Origanum vulgare,57,C,1818,TRUE,37,TRUE
Oxalis corniculata,7,B,18,TRUE,0,FALSE
Oxalis stricta,2,C,8,TRUE,0,FALSE
Oxalis stricta,5,C,3,TRUE,0,FALSE
Oxalis stricta,9,C,1,TRUE,0,FALSE
Oxalis stricta,33,C,2,TRUE,0,FALSE
Paeonia lactiflora,21,B,2,TRUE,0,FALSE
Paeonia lactiflora,27,B,1,TRUE,0,FALSE
Paeonia lactiflora,35,A,5,TRUE,0,FALSE
Paeonia officinalis,32,B,3,TRUE,6,TRUE
Papaver cambricum,32,B,1,TRUE,0,FALSE
Papaver orientale,27,A,1,TRUE,0,FALSE
Papaver rhoeas,7,B,5,TRUE,0,FALSE
Papaver rhoeas,24,B,1,TRUE,0,FALSE
Papaver rhoeas,39,B,15,TRUE,6,TRUE
Papaver rhoeas,52,B,1,TRUE,1,TRUE
Papaver setiferum,7,A,1,TRUE,0,FALSE
Papaver somniferum,9,B,1,TRUE,0,FALSE
Parietaria officinalis,37,C,100,TRUE,0,FALSE
Pelargonium zonale,29,C,69,TRUE,0,FALSE
Persicaria bistorta,31,B,475,TRUE,0,FALSE
Persicaria orientalis,30,C,92,TRUE,9,TRUE
Petrorhagia saxifraga,38,C,92,TRUE,0,FALSE
Petrorhagia saxifraga,49,B,6,TRUE,0,FALSE
Petrorhagia saxifraga,49,C,48,TRUE,1,TRUE
Petrorhagia saxifraga,59,C,2,TRUE,0,FALSE
Petrosedum rupestre,3,C,106,TRUE,3,TRUE
Petroselinum crispum,4,A,800,TRUE,0,FALSE
Petroselinum crispum,5,C,120,TRUE,3,TRUE
Petroselinum crispum,7,B,532,TRUE,0,FALSE
Phacelia tanacetifolia,3,A,226,TRUE,19,TRUE
Phacelia tanacetifolia,3,B,197,TRUE,9,TRUE
Phacelia tanacetifolia,3,C,276,TRUE,35,TRUE
Phacelia tanacetifolia,55,B,5,TRUE,0,FALSE
Phaseolus vulgaris,2,C,22,TRUE,0,FALSE
Phedimus hybridus,3,A,45,TRUE,2,TRUE
Phedimus hybridus,3,B,34,TRUE,3,TRUE
Phedimus spurius,29,B,18,TRUE,0,FALSE
Philadelphus virginalis,39,B,112,TRUE,0,FALSE
Phlox drummondii,10,C,31,TRUE,2,TRUE
Phlox maculata,9,C,27,TRUE,0,FALSE
Phlox paniculata,9,C,38,TRUE,0,FALSE
Phlox subulata,8,A,7,TRUE,0,FALSE
Phlox subulata,29,A,250,TRUE,1,TRUE
Picris hieracioides,17,C,10,TRUE,2,TRUE
Picris hieracioides,19,C,1,TRUE,4,TRUE
Picris hieracioides,51,C,32,TRUE,0,FALSE
Picris hieracioides,52,B,4,TRUE,0,FALSE
Pilosella aurantiaca,3,C,36,TRUE,3,TRUE
Pilosella aurantiaca,35,B,15,TRUE,3,TRUE
Pilosella officinarum,29,C,1,TRUE,0,FALSE
Pilosella officinarum,34,B,1,TRUE,1,TRUE
Pilosella officinarum,49,A,1,TRUE,1,TRUE
Pilosella officinarum,49,B,3,TRUE,0,FALSE
Pilosella officinarum,50,A,39,TRUE,1,TRUE
Pilosella officinarum,54,A,12,TRUE,1,TRUE
Pilosella officinarum,55,A,6,TRUE,0,FALSE
Pimpinella major,14,C,114,TRUE,0,FALSE
Pimpinella saxifraga,52,B,510,TRUE,0,FALSE
Plantago lanceolata,2,B,893,TRUE,0,FALSE
Plantago lanceolata,10,A,21,TRUE,0,FALSE
Plantago lanceolata,10,B,70,TRUE,0,FALSE
Plantago lanceolata,13,A,80,TRUE,2,TRUE
Plantago lanceolata,13,B,142,TRUE,0,FALSE
Plantago lanceolata,13,C,20,TRUE,0,FALSE
Plantago lanceolata,14,B,10,TRUE,0,FALSE
Plantago lanceolata,14,C,16,TRUE,0,FALSE
Plantago lanceolata,16,A,110,TRUE,0,FALSE
Plantago lanceolata,16,B,57,TRUE,0,FALSE
Plantago lanceolata,16,C,480,TRUE,1,TRUE
Plantago lanceolata,18,B,7,TRUE,0,FALSE
Plantago lanceolata,18,C,110,TRUE,0,FALSE
Plantago lanceolata,19,C,31,TRUE,0,FALSE
Plantago lanceolata,20,A,186,TRUE,0,FALSE
Plantago lanceolata,20,B,136,TRUE,0,FALSE
Plantago lanceolata,20,C,90,TRUE,2,TRUE
Plantago lanceolata,22,A,10,TRUE,0,FALSE
Plantago lanceolata,22,B,22,TRUE,0,FALSE
Plantago lanceolata,24,C,20,TRUE,0,FALSE
Plantago lanceolata,27,A,80,TRUE,0,FALSE
Plantago lanceolata,34,B,42,TRUE,1,TRUE
Plantago lanceolata,34,C,90,TRUE,3,TRUE
Plantago lanceolata,35,B,30,TRUE,0,FALSE
Plantago lanceolata,35,C,70,TRUE,0,FALSE
Plantago lanceolata,37,C,70,TRUE,0,FALSE
Plantago lanceolata,38,A,680,TRUE,1,TRUE
Plantago lanceolata,38,C,28,TRUE,0,FALSE
Plantago lanceolata,43,A,20,TRUE,0,FALSE
Plantago lanceolata,44,C,370,TRUE,4,TRUE
Plantago lanceolata,45,B,20,TRUE,0,FALSE
Plantago lanceolata,45,C,10,TRUE,1,TRUE
Plantago lanceolata,46,B,40,TRUE,2,TRUE
Plantago lanceolata,46,C,10,TRUE,0,FALSE
Plantago lanceolata,47,A,372,TRUE,0,FALSE
Plantago lanceolata,47,B,240,TRUE,2,TRUE
Plantago lanceolata,48,A,83,TRUE,0,FALSE
Plantago lanceolata,48,C,30,TRUE,1,TRUE
Plantago lanceolata,50,A,50,TRUE,0,FALSE
Plantago lanceolata,50,B,1012,TRUE,0,FALSE
Plantago lanceolata,50,C,490,TRUE,5,TRUE
Plantago lanceolata,51,C,30,TRUE,0,FALSE
Plantago lanceolata,52,C,43,TRUE,0,FALSE
Plantago lanceolata,53,A,80,TRUE,0,FALSE
Plantago lanceolata,53,C,20,TRUE,1,TRUE
Plantago lanceolata,54,A,230,TRUE,0,FALSE
Plantago lanceolata,54,B,37,TRUE,0,FALSE
Plantago lanceolata,54,C,78,TRUE,0,FALSE
Plantago lanceolata,55,A,7,TRUE,0,FALSE
Plantago lanceolata,55,C,60,TRUE,0,FALSE
Plantago lanceolata,57,B,190,TRUE,1,TRUE
Plantago lanceolata,58,A,58,TRUE,0,FALSE
Plantago major,48,C,140,TRUE,0,FALSE
Plantago media,22,B,285,TRUE,0,FALSE
Plantago media,50,B,149,TRUE,0,FALSE
Plantago media,50,C,378,TRUE,4,TRUE
Polemonium caeruleum,9,B,60,TRUE,2,TRUE
Polygonatum multiflorum,43,A,5,TRUE,1,TRUE
Potentilla argentea,49,B,26,TRUE,1,TRUE
Potentilla argentea,60,A,6,TRUE,0,FALSE
Potentilla reptans,2,B,1,TRUE,0,FALSE
Potentilla reptans,14,C,1,TRUE,0,FALSE
Potentilla reptans,16,C,2,TRUE,0,FALSE
Potentilla reptans,18,B,2,TRUE,1,TRUE
Potentilla reptans,18,C,4,TRUE,0,FALSE
Potentilla reptans,20,B,5,TRUE,0,FALSE
Potentilla reptans,22,C,1,TRUE,0,FALSE
Potentilla reptans,23,C,5,TRUE,6,TRUE
Potentilla reptans,33,B,8,TRUE,4,TRUE
Potentilla reptans,36,C,16,TRUE,1,TRUE
Potentilla reptans,44,C,1,TRUE,0,FALSE
Potentilla reptans,50,B,10,TRUE,0,FALSE
Potentilla reptans,54,B,1,TRUE,0,FALSE
Potentilla reptans,58,C,1,TRUE,1,TRUE
Primula vulgaris,10,A,1,TRUE,0,FALSE
Primula vulgaris,12,A,33,TRUE,0,FALSE
Primula vulgaris,19,A,11,TRUE,0,FALSE
Primula vulgaris,28,A,8,TRUE,1,TRUE
Primula vulgaris,34,A,13,TRUE,0,FALSE
Prunella vulgaris,1,C,11,TRUE,0,FALSE
Prunella vulgaris,14,C,89,TRUE,3,TRUE
Prunella vulgaris,16,C,756,TRUE,18,TRUE
Prunella vulgaris,18,C,166,TRUE,2,TRUE
Prunella vulgaris,19,C,27,TRUE,0,FALSE
Prunella vulgaris,20,C,59,TRUE,1,TRUE
Prunella vulgaris,22,C,16,TRUE,0,FALSE
Prunella vulgaris,23,C,228,TRUE,8,TRUE
Prunella vulgaris,24,C,223,TRUE,5,TRUE
Prunella vulgaris,26,C,194,TRUE,0,FALSE
Prunella vulgaris,29,C,263,TRUE,6,TRUE
Prunella vulgaris,33,B,10,TRUE,0,FALSE
Prunella vulgaris,33,C,154,TRUE,3,TRUE
Prunella vulgaris,34,C,185,TRUE,9,TRUE
Prunella vulgaris,35,B,109,TRUE,2,TRUE
Prunella vulgaris,35,C,121,TRUE,8,TRUE
Prunella vulgaris,37,C,47,TRUE,0,FALSE
Prunella vulgaris,45,C,172,TRUE,8,TRUE
Prunella vulgaris,46,C,333,TRUE,10,TRUE
Prunella vulgaris,48,C,1020,TRUE,21,TRUE
Prunella vulgaris,50,B,4,TRUE,0,FALSE
Prunella vulgaris,51,C,6,TRUE,0,FALSE
Prunella vulgaris,52,B,14,TRUE,1,TRUE
Prunella vulgaris,53,C,56,TRUE,2,TRUE
Prunus laurocerasus,32,A,189,TRUE,4,TRUE
Prunus laurocerasus,36,A,1825,TRUE,9,TRUE
Prunus laurocerasus,39,A,10,TRUE,0,FALSE
Prunus laurocerasus,41,A,405,TRUE,17,TRUE
Prunus laurocerasus,42,A,1568,TRUE,5,TRUE
Prunus mahaleb,15,A,270,TRUE,1,TRUE
Prunus padus,21,A,220,TRUE,1,TRUE
Pulsatilla vulgaris,14,A,3,TRUE,0,FALSE
Pyracantha coccinea,13,B,49,TRUE,0,FALSE
Ranunculus acris,12,A,23,TRUE,0,FALSE
Ranunculus acris,12,B,23,TRUE,0,FALSE
Ranunculus acris,13,A,49,TRUE,5,TRUE
Ranunculus acris,14,A,73,TRUE,3,TRUE
Ranunculus acris,14,B,20,TRUE,0,FALSE
Ranunculus acris,15,A,13,TRUE,3,TRUE
Ranunculus acris,20,A,4,TRUE,2,TRUE
Ranunculus acris,21,A,142,TRUE,4,TRUE
Ranunculus acris,21,B,9,TRUE,0,FALSE
Ranunculus acris,36,A,2,TRUE,0,FALSE
Ranunculus acris,37,A,9,TRUE,0,FALSE
Ranunculus acris,43,A,29,TRUE,4,TRUE
Ranunculus acris,43,B,5,TRUE,0,FALSE
Ranunculus acris,44,A,183,TRUE,7,TRUE
Ranunculus acris,47,A,62,TRUE,1,TRUE
Ranunculus acris,48,A,12,TRUE,3,TRUE
Ranunculus acris,50,A,27,TRUE,0,FALSE
Ranunculus acris,53,A,54,TRUE,7,TRUE
Ranunculus acris,57,A,251,TRUE,7,TRUE
Ranunculus acris,58,A,43,TRUE,0,FALSE
Ranunculus acris,60,A,9,TRUE,0,FALSE
Ranunculus acris,60,C,5,TRUE,1,TRUE
Ranunculus bulbosus,14,A,13,TRUE,1,TRUE
Ranunculus bulbosus,15,A,6,TRUE,1,TRUE
Ranunculus bulbosus,17,A,15,TRUE,0,FALSE
Ranunculus bulbosus,19,A,25,TRUE,5,TRUE
Ranunculus bulbosus,21,A,88,TRUE,0,FALSE
Ranunculus bulbosus,37,A,22,TRUE,1,TRUE
Ranunculus bulbosus,39,A,9,TRUE,0,FALSE
Ranunculus bulbosus,44,A,11,TRUE,0,FALSE
Ranunculus bulbosus,46,A,9,TRUE,0,FALSE
Ranunculus bulbosus,60,A,39,TRUE,0,FALSE
Ranunculus ficaria,28,A,8,TRUE,0,FALSE
Ranunculus repens,1,A,25,TRUE,0,FALSE
Ranunculus repens,1,B,1,TRUE,0,FALSE
Ranunculus repens,2,A,29,TRUE,1,TRUE
Ranunculus repens,13,A,57,TRUE,0,FALSE
Ranunculus repens,16,A,31,TRUE,1,TRUE
Ranunculus repens,17,B,4,TRUE,0,FALSE
Ranunculus repens,18,A,8,TRUE,0,FALSE
Ranunculus repens,20,A,77,TRUE,1,TRUE
Ranunculus repens,20,B,14,TRUE,1,TRUE
Ranunculus repens,22,A,3,TRUE,0,FALSE
Ranunculus repens,22,B,2,TRUE,0,FALSE
Ranunculus repens,23,B,27,TRUE,0,FALSE
Ranunculus repens,24,A,33,TRUE,0,FALSE
Ranunculus repens,27,A,7,TRUE,0,FALSE
Ranunculus repens,28,B,10,TRUE,1,TRUE
Ranunculus repens,33,B,1,TRUE,0,FALSE
Ranunculus repens,35,A,75,TRUE,4,TRUE
Ranunculus repens,39,A,39,TRUE,0,FALSE
Ranunculus repens,43,A,27,TRUE,0,FALSE
Ranunculus repens,43,B,4,TRUE,0,FALSE
Ranunculus repens,44,A,27,TRUE,1,TRUE
Ranunculus repens,45,A,132,TRUE,19,TRUE
Ranunculus repens,46,A,181,TRUE,2,TRUE
Ranunculus repens,46,B,1,TRUE,0,FALSE
Ranunculus repens,46,C,1,TRUE,0,FALSE
Ranunculus repens,47,A,77,TRUE,0,FALSE
Ranunculus repens,47,B,2,TRUE,2,TRUE
Ranunculus repens,48,A,27,TRUE,0,FALSE
Ranunculus repens,48,B,79,TRUE,2,TRUE
Ranunculus repens,54,A,49,TRUE,0,FALSE
Ranunculus repens,58,A,64,TRUE,5,TRUE
Ranunculus repens,58,B,5,TRUE,1,TRUE
Ranunculus sardous,14,B,55,TRUE,3,TRUE
Raphanus raphanistrum,1,C,23,TRUE,0,FALSE
Raphanus raphanistrum,12,A,68,TRUE,0,FALSE
Raphanus raphanistrum,12,C,2,TRUE,0,FALSE
Reseda lutea,56,C,10,TRUE,4,TRUE
Rhamnus cathartica,54,A,39,TRUE,3,TRUE
Rhinanthus alectorolophus,14,B,720,TRUE,7,TRUE
Rhinanthus alectorolophus,17,B,179,TRUE,3,TRUE
Rhinanthus alectorolophus,19,B,29,TRUE,3,TRUE
Rhinanthus alectorolophus,21,A,5,TRUE,0,FALSE
Rhinanthus alectorolophus,21,B,12,TRUE,0,FALSE
Rhinanthus alectorolophus,43,A,31,TRUE,3,TRUE
Rhinanthus alectorolophus,44,B,135,TRUE,2,TRUE
Rhinanthus alectorolophus,45,A,107,TRUE,0,FALSE
Rhinanthus alectorolophus,45,B,65,TRUE,2,TRUE
Rhinanthus alectorolophus,46,B,31,TRUE,0,FALSE
Rhinanthus alectorolophus,47,B,105,TRUE,1,TRUE
Rhinanthus alectorolophus,48,A,64,TRUE,1,TRUE
Rhinanthus alectorolophus,48,B,161,TRUE,3,TRUE
Rhinanthus alectorolophus,50,A,71,TRUE,2,TRUE
Rhinanthus alectorolophus,51,B,1,TRUE,0,FALSE
Rhinanthus alectorolophus,53,A,403,TRUE,9,TRUE
Rhinanthus alectorolophus,53,B,571,TRUE,3,TRUE
Rhinanthus alectorolophus,56,A,1558,TRUE,4,TRUE
Rhinanthus alectorolophus,56,B,79,TRUE,2,TRUE
Rhinanthus alectorolophus,56,C,14,TRUE,0,FALSE
Rhododendron catawbiense,28,B,67,TRUE,1,TRUE
Rhododendron ponticum,4,A,126,TRUE,3,TRUE
Rhododendron ponticum,37,B,63,TRUE,1,TRUE
Ribes alpinum,32,A,236,TRUE,0,FALSE
Ribes nigrum,1,A,90,TRUE,0,FALSE
Ribes rubrum,10,A,25,TRUE,0,FALSE
Ribes rubrum,36,A,29,TRUE,0,FALSE
Rosa _x damascena,3,B,2,TRUE,0,FALSE
Rosa _x damascena,9,B,8,TRUE,0,FALSE
Rosa _x damascena,11,B,3,TRUE,0,FALSE
Rosa _x odorata,5,A,1,TRUE,0,FALSE
Rosa arvensis,9,B,4,TRUE,0,FALSE
Rosa arvensis,27,A,8,TRUE,1,TRUE
Rosa arvensis,43,B,2,TRUE,0,FALSE
Rosa arvensis,46,B,9,TRUE,10,TRUE
Rosa canina,15,B,9,TRUE,0,FALSE
Rosa canina,47,B,5,TRUE,0,FALSE
Rosa chinensis,9,B,6,TRUE,0,FALSE
Rosa chinensis,11,B,25,TRUE,0,FALSE
Rosa chinensis,28,B,8,TRUE,0,FALSE
Rosa chinensis,30,B,175,TRUE,0,FALSE
Rosa chinensis,32,B,5,TRUE,0,FALSE
Rosa foetida,4,B,6,TRUE,0,FALSE
Rosa gallica,2,C,1,TRUE,0,FALSE
Rosa gallica,9,B,16,TRUE,4,TRUE
Rosa gallica,11,C,1,TRUE,0,FALSE
Rosa gallica,26,B,9,TRUE,2,TRUE
Rosa luciae,5,B,8,TRUE,0,FALSE
Rosa lucieae,8,C,3,TRUE,0,FALSE
Rosa rubiginosa,59,B,7,TRUE,3,TRUE
Rosa sempervirens,30,C,4,TRUE,0,FALSE
Rosa spinosissima,26,B,28,TRUE,5,TRUE
Rosa spp.,27,B,1,TRUE,0,FALSE
Rosa xanthina,39,B,3,TRUE,0,FALSE
Rosmarinus officinalis,1,A,9,TRUE,0,FALSE
Rosmarinus officinalis,7,A,3,TRUE,0,FALSE
Rosmarinus officinalis,31,A,70,TRUE,1,TRUE
Rubus armeniacus,16,B,39,TRUE,22,TRUE
Rubus fruticosus,1,A,36,TRUE,0,FALSE
Rubus fruticosus,2,B,2,TRUE,0,FALSE
Rubus fruticosus,5,B,30,TRUE,0,FALSE
Rubus fruticosus,5,C,6,TRUE,0,FALSE
Rubus fruticosus,21,C,35,TRUE,0,FALSE
Rubus fruticosus,45,B,29,TRUE,0,FALSE
Rubus fruticosus,46,B,19,TRUE,0,FALSE
Rubus fruticosus,54,A,2,TRUE,0,FALSE
Rubus idaeus,1,A,75,TRUE,21,TRUE
Rubus idaeus,2,A,14,TRUE,10,TRUE
Rubus idaeus,3,A,88,TRUE,7,TRUE
Rubus idaeus,11,B,15,TRUE,13,TRUE
Rubus idaeus,27,A,19,TRUE,14,TRUE
Rubus idaeus,31,B,59,TRUE,19,TRUE
Rudbeckia laciniata,9,C,1,TRUE,0,FALSE
Rumex acetosa,21,A,600,TRUE,0,FALSE
Rumex acetosa,44,A,648,TRUE,0,FALSE
Rumex obtusifolius,56,B,9,TRUE,0,FALSE
Salvia elegans,1,A,1,TRUE,0,FALSE
Salvia microphylla,27,A,7,TRUE,0,FALSE
Salvia officinalis,26,A,261,TRUE,7,TRUE
Salvia officinalis,30,A,247,TRUE,1,TRUE
Salvia patens,17,B,93,TRUE,0,FALSE
Salvia patens,19,B,51,TRUE,0,FALSE
Salvia patens,38,B,105,TRUE,0,FALSE
Salvia patens,47,B,128,TRUE,0,FALSE
Salvia pratensis,14,B,162,TRUE,8,TRUE
Salvia pratensis,15,B,25,TRUE,7,TRUE
Salvia pratensis,22,B,27,TRUE,0,FALSE
Salvia pratensis,43,A,163,TRUE,3,TRUE
Salvia pratensis,43,B,127,TRUE,10,TRUE
Salvia pratensis,43,C,6,TRUE,1,TRUE
Salvia pratensis,47,A,13,TRUE,1,TRUE
Salvia pratensis,49,A,147,TRUE,6,TRUE
Salvia pratensis,49,B,19,TRUE,4,TRUE
Salvia pratensis,50,A,266,TRUE,13,TRUE
Salvia pratensis,51,B,6,TRUE,1,TRUE
Salvia pratensis,53,A,34,TRUE,1,TRUE
Salvia pratensis,53,B,51,TRUE,1,TRUE
Salvia pratensis,55,B,38,TRUE,2,TRUE
Salvia pratensis,56,A,48,TRUE,0,FALSE
Salvia pratensis,57,B,60,TRUE,8,TRUE
Salvia pratensis,59,A,62,TRUE,3,TRUE
Salvia pratensis,59,B,210,TRUE,3,TRUE
Salvia verticillata,20,C,206,TRUE,9,TRUE
Salvia yangii,26,C,118,TRUE,4,TRUE
Sambucus nigra,2,A,200,TRUE,0,FALSE
Sambucus nigra,16,A,412,TRUE,0,FALSE
Sambucus nigra,20,A,88,TRUE,0,FALSE
Sambucus nigra,45,A,309,TRUE,0,FALSE
Sambucus nigra,47,B,800,TRUE,0,FALSE
Sambucus nigra,47,C,110,TRUE,0,FALSE
Sambucus nigra,48,B,450,TRUE,2,TRUE
Sanguisorba minor,3,B,25,TRUE,0,FALSE
Sanguisorba minor,10,A,160,TRUE,0,FALSE
Sanguisorba minor,15,B,29,TRUE,0,FALSE
Sanguisorba minor,21,C,110,TRUE,0,FALSE
Sanguisorba minor,43,A,882,TRUE,2,TRUE
Sanguisorba minor,46,B,10,TRUE,0,FALSE
Sanguisorba minor,52,A,3,TRUE,0,FALSE
Sanguisorba minor,53,A,21,TRUE,0,FALSE
Sanguisorba minor,55,A,450,TRUE,0,FALSE
Sanguisorba minor,60,A,399,TRUE,0,FALSE
Sanguisorba officinalis,49,A,50,TRUE,0,FALSE
Saponaria ocymoides,8,A,12,TRUE,0,FALSE
Saponaria ocymoides,8,B,40,TRUE,0,FALSE
Saponaria officinalis,27,C,25,TRUE,0,FALSE
Saxifraga umbrosa,31,B,150,TRUE,3,TRUE
Scabiosa columbaria,15,C,2,TRUE,0,FALSE
Scabiosa columbaria,17,B,2,TRUE,8,TRUE
Scabiosa columbaria,17,C,13,TRUE,9,TRUE
Scabiosa columbaria,21,B,2,TRUE,2,TRUE
Scabiosa columbaria,43,B,17,TRUE,3,TRUE
Scabiosa columbaria,51,B,8,TRUE,12,TRUE
Scabiosa columbaria,51,C,2,TRUE,4,TRUE
Scabiosa columbaria,52,C,1,TRUE,0,FALSE
Scabiosa columbaria,53,B,4,TRUE,2,TRUE
Scabiosa columbaria,55,B,6,TRUE,4,TRUE
Scabiosa columbaria,55,C,3,TRUE,2,TRUE
Scandosorbus intermedia,14,A,153,TRUE,2,TRUE
Scutellaria altissima,37,B,815,TRUE,2,TRUE
Sedum album,8,C,93,TRUE,0,FALSE
Sedum album,54,C,133,TRUE,0,FALSE
Sedum palmeri,4,A,200,TRUE,1,TRUE
Sedum sexangulare,19,C,178,TRUE,1,TRUE
Sedum sexangulare,26,C,41,TRUE,0,FALSE
Senecio vulgaris,2,A,5,TRUE,0,FALSE
Senecio vulgaris,6,B,20,TRUE,0,FALSE
Senecio vulgaris,6,C,6,TRUE,0,FALSE
Senecio vulgaris,54,A,33,TRUE,0,FALSE
Sherardia arvensis,38,A,15,TRUE,0,FALSE
Sherardia arvensis,47,A,92,TRUE,0,FALSE
Sherardia arvensis,47,B,43,TRUE,0,FALSE
Sherardia arvensis,47,C,14,TRUE,0,FALSE
Silene chalcedonica,8,C,23,TRUE,0,FALSE
Silene flos-cuculi,19,B,6,TRUE,0,FALSE
Silene noctiflora,55,B,2,TRUE,1,TRUE
Silene nutans,15,B,33,TRUE,0,FALSE
Silene nutans,15,C,3,TRUE,0,FALSE
Silene nutans,49,A,19,TRUE,0,FALSE
Silene nutans,51,B,53,TRUE,2,TRUE
Silene nutans,52,A,20,TRUE,0,FALSE
Silene nutans,52,B,8,TRUE,0,FALSE
Silene nutans,55,A,6,TRUE,0,FALSE
Silene nutans,55,B,6,TRUE,0,FALSE
Silene vulgaris,14,A,2,TRUE,0,FALSE
Silene vulgaris,14,B,24,TRUE,0,FALSE
Silene vulgaris,15,B,3,TRUE,0,FALSE
Silene vulgaris,21,C,6,TRUE,0,FALSE
Silene vulgaris,56,A,65,TRUE,1,TRUE
Silene vulgaris,56,B,51,TRUE,1,TRUE
Silene vulgaris,56,C,6,TRUE,0,FALSE
Silene vulgaris,59,C,4,TRUE,0,FALSE
Solanum lycopersicum,4,C,7,TRUE,0,FALSE
Solanum lycopersicum,6,B,10,TRUE,0,FALSE
Solanum lycopersicum,6,C,25,TRUE,0,FALSE
Solanum lycopersicum,7,B,12,TRUE,0,FALSE
Solanum lycopersicum,7,C,15,TRUE,0,FALSE
Solanum melongena,4,B,1,TRUE,0,FALSE
Sonchus arvensis,1,C,1,TRUE,1,TRUE
Sonchus asper,1,C,6,TRUE,0,FALSE
Sonchus asper,8,B,14,TRUE,0,FALSE
Sonchus asper,10,C,1,TRUE,0,FALSE
Sonchus asper,29,C,8,TRUE,0,FALSE
Sonchus asper,45,B,3,TRUE,0,FALSE
Sonchus asper,56,B,2,TRUE,0,FALSE
Sonchus oleraceus,56,B,8,TRUE,0,FALSE
Sorbus aria,16,A,105,TRUE,6,TRUE
Sorbus aria,54,A,86,TRUE,7,TRUE
Sorbus aucuparia,13,A,65,TRUE,1,TRUE
Spiraea chamaedryfolia,20,A,140,TRUE,0,FALSE
Spiraea japonica,42,C,78,TRUE,2,TRUE
Spiraea nipponica,22,B,72,TRUE,0,FALSE
Spiraea thunbergii,17,A,9338,TRUE,0,FALSE
Stachys byzantina,12,C,540,TRUE,19,TRUE
Stachys byzantina,30,B,2112,TRUE,4,TRUE
Stachys officinalis,39,C,341,TRUE,2,TRUE
Stachys sylvatica,39,B,14,TRUE,0,FALSE
Stellaria graminea,46,B,3,TRUE,0,FALSE
Stellaria graminea,46,C,11,TRUE,2,TRUE
Stellaria graminea,48,A,23,TRUE,0,FALSE
Stellaria media,16,A,17,TRUE,0,FALSE
Symphoricarpos albus,45,A,3,TRUE,4,TRUE
Symphoricarpos albus,45,C,26,TRUE,2,TRUE
Symphyotrichum novae-angliae,11,C,12,TRUE,2,TRUE
Symphytum officinale,1,A,549,TRUE,22,TRUE
Symphytum officinale,8,B,39,TRUE,2,TRUE
Symphytum officinale,10,C,38,TRUE,3,TRUE
Symphytum officinale,22,A,53,TRUE,6,TRUE
Symphytum officinale,22,B,6,TRUE,2,TRUE
Symphytum officinale,58,A,59,TRUE,2,TRUE
Syringa josikaea,13,A,88,TRUE,0,FALSE
Syringa persica,19,B,1665,TRUE,8,TRUE
Syringa persica,21,B,1760,TRUE,1,TRUE
Syringa pubescens,24,C,196,TRUE,2,TRUE
Syringa pubescens,36,A,256,TRUE,0,FALSE
Syringa pubescens,47,A,405,TRUE,1,TRUE
Syringa vulgaris,29,A,114,TRUE,0,FALSE
Syringa vulgaris,31,A,9,TRUE,0,FALSE
Tagetes erecta,7,C,1,TRUE,2,TRUE
Tagetes erecta,29,C,1,TRUE,0,FALSE
Tanacetum microphyllum,10,B,420,TRUE,12,TRUE
Tanacetum parthenium,7,B,97,TRUE,1,TRUE
Tanacetum parthenium,9,B,31,TRUE,1,TRUE
Taraxacum officinale,2,B,1,TRUE,0,FALSE
Taraxacum officinale,10,A,1,TRUE,0,FALSE
Taraxacum officinale,13,A,5,TRUE,0,FALSE
Taraxacum officinale,13,B,2,TRUE,0,FALSE
Taraxacum officinale,14,A,4,TRUE,0,FALSE
Taraxacum officinale,17,A,45,TRUE,12,TRUE
Taraxacum officinale,18,A,15,TRUE,1,TRUE
Taraxacum officinale,18,B,5,TRUE,3,TRUE
Taraxacum officinale,20,A,2,TRUE,0,FALSE
Taraxacum officinale,23,A,76,TRUE,16,TRUE
Taraxacum officinale,31,A,6,TRUE,0,FALSE
Taraxacum officinale,34,A,26,TRUE,7,TRUE
Taraxacum officinale,34,C,1,TRUE,0,FALSE
Taraxacum officinale,37,A,5,TRUE,0,FALSE
Taraxacum officinale,37,C,1,TRUE,0,FALSE
Taraxacum officinale,39,A,1,TRUE,1,TRUE
Taraxacum officinale,40,A,6,TRUE,2,TRUE
Taraxacum officinale,42,A,4,TRUE,1,TRUE
Taraxacum officinale,44,A,3,TRUE,0,FALSE
Taraxacum officinale,48,A,2,TRUE,0,FALSE
Taraxacum officinale,48,B,3,TRUE,1,TRUE
Taraxacum officinale,51,A,7,TRUE,14,TRUE
Taraxacum officinale,56,B,1,TRUE,0,FALSE
Taraxacum officinale,57,A,8,TRUE,3,TRUE
Taraxacum officinale,58,A,1,TRUE,0,FALSE
Teucrium chamaedrys,15,C,158,TRUE,17,TRUE
Teucrium chamaedrys,49,C,37,TRUE,0,FALSE
Thymus pulegioides,50,B,41,TRUE,0,FALSE
Thymus serpyllum,15,B,114,TRUE,0,FALSE
Thymus serpyllum,15,C,28,TRUE,0,FALSE
Thymus serpyllum,49,B,592,TRUE,5,TRUE
Thymus serpyllum,49,C,1043,TRUE,9,TRUE
Thymus serpyllum,55,B,103,TRUE,5,TRUE
Thymus vulgaris,6,A,60,TRUE,0,FALSE
Thymus vulgaris,7,A,1800,TRUE,4,TRUE
Thymus vulgaris,15,B,158,TRUE,4,TRUE
Tiarella cordifolia,27,A,79,TRUE,0,FALSE
Torilis japonica,48,C,1650,TRUE,2,TRUE
Tradescantia virginiana,29,C,1,TRUE,0,FALSE
Tragopogon porrifolius,1,A,1,TRUE,0,FALSE
Tragopogon porrifolius,3,C,5,TRUE,0,FALSE
Tragopogon porrifolius,10,A,19,TRUE,0,FALSE
Tragopogon porrifolius,12,B,7,TRUE,1,TRUE
Tragopogon pratensis,57,B,1,TRUE,0,FALSE
Trifolium alexandrinum,12,C,56,TRUE,0,FALSE
Trifolium campestre,50,B,213,TRUE,0,FALSE
Trifolium campestre,51,B,1303,TRUE,0,FALSE
Trifolium campestre,52,B,121,TRUE,1,TRUE
Trifolium dubium,13,B,22,TRUE,0,FALSE
Trifolium dubium,14,B,100,TRUE,0,FALSE
Trifolium dubium,14,C,26,TRUE,0,FALSE
Trifolium dubium,15,B,840,TRUE,0,FALSE
Trifolium dubium,16,B,13,TRUE,0,FALSE
Trifolium dubium,17,B,584,TRUE,0,FALSE
Trifolium dubium,17,C,266,TRUE,0,FALSE
Trifolium dubium,18,B,2038,TRUE,0,FALSE
Trifolium dubium,18,C,85,TRUE,0,FALSE
Trifolium dubium,19,C,23,TRUE,0,FALSE
Trifolium dubium,28,B,1194,TRUE,0,FALSE
Trifolium dubium,29,B,120,TRUE,0,FALSE
Trifolium dubium,29,C,29,TRUE,0,FALSE
Trifolium dubium,37,B,4,TRUE,0,FALSE
Trifolium dubium,38,B,323,TRUE,0,FALSE
Trifolium dubium,46,B,21,TRUE,0,FALSE
Trifolium dubium,47,A,141,TRUE,0,FALSE
Trifolium dubium,51,B,142,TRUE,0,FALSE
Trifolium dubium,52,A,2107,TRUE,0,FALSE
Trifolium dubium,52,B,2970,TRUE,1,TRUE
Trifolium dubium,53,B,19,TRUE,0,FALSE
Trifolium dubium,56,A,16,TRUE,0,FALSE
Trifolium dubium,59,A,192,TRUE,0,FALSE
Trifolium dubium,59,B,3690,TRUE,5,TRUE
Trifolium dubium,60,A,285,TRUE,0,FALSE
Trifolium hybridum,22,C,56,TRUE,0,FALSE
Trifolium hybridum,58,C,233,TRUE,5,TRUE
Trifolium incarnatum,12,C,360,TRUE,1,TRUE
Trifolium incarnatum,58,B,98,TRUE,0,FALSE
Trifolium pratense,13,A,215,TRUE,1,TRUE
Trifolium pratense,13,B,83,TRUE,0,FALSE
Trifolium pratense,14,B,80,TRUE,2,TRUE
Trifolium pratense,14,C,65,TRUE,1,TRUE
Trifolium pratense,16,B,11,TRUE,0,FALSE
Trifolium pratense,17,B,179,TRUE,0,FALSE
Trifolium pratense,17,C,1155,TRUE,0,FALSE
Trifolium pratense,18,A,14,TRUE,0,FALSE
Trifolium pratense,18,B,3330,TRUE,3,TRUE
Trifolium pratense,18,C,198,TRUE,1,TRUE
Trifolium pratense,19,B,891,TRUE,0,FALSE
Trifolium pratense,19,C,34,TRUE,0,FALSE
Trifolium pratense,20,A,310,TRUE,2,TRUE
Trifolium pratense,20,B,343,TRUE,8,TRUE
Trifolium pratense,20,C,101,TRUE,0,FALSE
Trifolium pratense,21,B,924,TRUE,5,TRUE
Trifolium pratense,21,C,234,TRUE,1,TRUE
Trifolium pratense,22,A,110,TRUE,1,TRUE
Trifolium pratense,22,B,132,TRUE,1,TRUE
Trifolium pratense,23,B,156,TRUE,0,FALSE
Trifolium pratense,23,C,558,TRUE,1,TRUE
Trifolium pratense,34,C,36,TRUE,0,FALSE
Trifolium pratense,35,A,595,TRUE,0,FALSE
Trifolium pratense,35,B,300,TRUE,1,TRUE
Trifolium pratense,35,C,79,TRUE,2,TRUE
Trifolium pratense,37,B,3120,TRUE,3,TRUE
Trifolium pratense,37,C,167,TRUE,1,TRUE
Trifolium pratense,43,A,309,TRUE,0,FALSE
Trifolium pratense,43,B,33,TRUE,2,TRUE
Trifolium pratense,43,C,308,TRUE,5,TRUE
Trifolium pratense,44,A,8,TRUE,0,FALSE
Trifolium pratense,44,B,412,TRUE,2,TRUE
Trifolium pratense,44,C,100,TRUE,2,TRUE
Trifolium pratense,45,A,2824,TRUE,0,FALSE
Trifolium pratense,45,B,456,TRUE,0,FALSE
Trifolium pratense,45,C,882,TRUE,1,TRUE
Trifolium pratense,46,B,1122,TRUE,3,TRUE
Trifolium pratense,46,C,446,TRUE,0,FALSE
Trifolium pratense,47,A,221,TRUE,1,TRUE
Trifolium pratense,47,B,954,TRUE,3,TRUE
Trifolium pratense,48,A,270,TRUE,0,FALSE
Trifolium pratense,48,C,18,TRUE,1,TRUE
Trifolium pratense,49,A,75,TRUE,0,FALSE
Trifolium pratense,50,A,248,TRUE,0,FALSE
Trifolium pratense,50,B,78,TRUE,1,TRUE
Trifolium pratense,50,C,43,TRUE,3,TRUE
Trifolium pratense,51,C,522,TRUE,0,FALSE
Trifolium pratense,52,A,1028,TRUE,1,TRUE
Trifolium pratense,52,B,504,TRUE,10,TRUE
Trifolium pratense,52,C,59,TRUE,2,TRUE
Trifolium pratense,53,A,115,TRUE,2,TRUE
Trifolium pratense,53,B,104,TRUE,0,FALSE
Trifolium pratense,53,C,252,TRUE,1,TRUE
Trifolium pratense,55,C,51,TRUE,0,FALSE
Trifolium pratense,56,A,35,TRUE,0,FALSE
Trifolium pratense,56,B,101,TRUE,0,FALSE
Trifolium pratense,57,A,91,TRUE,0,FALSE
Trifolium pratense,57,B,1194,TRUE,3,TRUE
Trifolium pratense,57,C,378,TRUE,2,TRUE
Trifolium pratense,58,A,598,TRUE,2,TRUE
Trifolium pratense,58,B,1160,TRUE,4,TRUE
Trifolium pratense,58,C,1150,TRUE,2,TRUE
Trifolium pratense,60,A,420,TRUE,0,FALSE
Trifolium pratense,60,C,129,TRUE,4,TRUE
Trifolium repens,1,C,17,TRUE,0,FALSE
Trifolium repens,2,C,38,TRUE,0,FALSE
Trifolium repens,8,B,708,TRUE,1,TRUE
Trifolium repens,8,C,62,TRUE,3,TRUE
Trifolium repens,13,B,337,TRUE,10,TRUE
Trifolium repens,13,C,3122,TRUE,37,TRUE
Trifolium repens,14,C,71,TRUE,0,FALSE
Trifolium repens,16,B,6,TRUE,0,FALSE
Trifolium repens,16,C,2538,TRUE,24,TRUE
Trifolium repens,17,B,358,TRUE,2,TRUE
Trifolium repens,17,C,3034,TRUE,13,TRUE
Trifolium repens,18,B,953,TRUE,12,TRUE
Trifolium repens,18,C,5232,TRUE,10,TRUE
Trifolium repens,19,C,131,TRUE,1,TRUE
Trifolium repens,20,B,50,TRUE,4,TRUE
Trifolium repens,20,C,15,TRUE,2,TRUE
Trifolium repens,22,B,271,TRUE,14,TRUE
Trifolium repens,22,C,218,TRUE,28,TRUE
Trifolium repens,23,B,85,TRUE,3,TRUE
Trifolium repens,23,C,2324,TRUE,16,TRUE
Trifolium repens,24,C,170,TRUE,2,TRUE
Trifolium repens,26,C,73,TRUE,7,TRUE
Trifolium repens,29,B,65,TRUE,0,FALSE
Trifolium repens,29,C,319,TRUE,4,TRUE
Trifolium repens,30,B,300,TRUE,0,FALSE
Trifolium repens,30,C,32,TRUE,3,TRUE
Trifolium repens,33,B,200,TRUE,4,TRUE
Trifolium repens,34,C,766,TRUE,5,TRUE
Trifolium repens,35,B,63,TRUE,3,TRUE
Trifolium repens,37,B,11,TRUE,0,FALSE
Trifolium repens,37,C,56,TRUE,1,TRUE
Trifolium repens,38,B,152,TRUE,2,TRUE
Trifolium repens,38,C,8,TRUE,1,TRUE
Trifolium repens,39,B,448,TRUE,10,TRUE
Trifolium repens,39,C,16,TRUE,0,FALSE
Trifolium repens,40,B,65,TRUE,1,TRUE
Trifolium repens,40,C,1625,TRUE,5,TRUE
Trifolium repens,45,C,403,TRUE,10,TRUE
Trifolium repens,46,B,703,TRUE,5,TRUE
Trifolium repens,46,C,608,TRUE,8,TRUE
Trifolium repens,47,B,814,TRUE,7,TRUE
Trifolium repens,47,C,385,TRUE,16,TRUE
Trifolium repens,48,B,2325,TRUE,12,TRUE
Trifolium repens,48,C,3024,TRUE,45,TRUE
Trifolium repens,50,B,172,TRUE,0,FALSE
Trifolium repens,51,B,715,TRUE,4,TRUE
Trifolium repens,51,C,2205,TRUE,3,TRUE
Trifolium repens,52,A,780,TRUE,0,FALSE
Trifolium repens,52,B,1064,TRUE,22,TRUE
Trifolium repens,52,C,1575,TRUE,99,TRUE
Trifolium repens,53,B,32,TRUE,0,FALSE
Trifolium repens,53,C,154,TRUE,2,TRUE
Trifolium repens,56,C,40,TRUE,1,TRUE
Trifolium repens,57,C,165,TRUE,1,TRUE
Trifolium repens,58,A,151,TRUE,2,TRUE
Trifolium repens,58,B,1220,TRUE,11,TRUE
Trifolium repens,58,C,317,TRUE,0,FALSE
Tropaeolum majus,7,C,7,TRUE,0,FALSE
Tropaeolum majus,10,C,15,TRUE,0,FALSE
Tropaeolum minus,3,C,1,TRUE,0,FALSE
Tulipa agenensis,32,A,1,TRUE,0,FALSE
Urtica dioica,20,C,10000,TRUE,0,FALSE
Urtica dioica,48,B,4500,TRUE,0,FALSE
Valeriana locusta,3,A,777,TRUE,0,FALSE
Valeriana locusta,4,A,75,TRUE,0,FALSE
Valeriana locusta,5,A,4389,TRUE,0,FALSE
Valeriana locusta,7,A,3390,TRUE,0,FALSE
Valeriana locusta,10,A,520,TRUE,0,FALSE
Valeriana locusta,11,A,2285,TRUE,0,FALSE
Valeriana locusta,11,B,793,TRUE,0,FALSE
Valeriana locusta,18,A,72,TRUE,0,FALSE
Valeriana locusta,47,A,65,TRUE,0,FALSE
Valeriana locusta,54,A,450,TRUE,0,FALSE
Valeriana locusta,60,A,852,TRUE,0,FALSE
Valeriana officinalis,10,B,945,TRUE,4,TRUE
Valeriana officinalis,27,B,67,TRUE,0,FALSE
Valeriana rubra,1,A,54,TRUE,0,FALSE
Valeriana rubra,1,B,133,TRUE,0,FALSE
Valeriana rubra,1,C,193,TRUE,0,FALSE
Valeriana rubra,3,B,100,TRUE,2,TRUE
Valeriana rubra,5,B,133,TRUE,0,FALSE
Valeriana rubra,5,C,108,TRUE,4,TRUE
Valeriana rubra,9,B,110,TRUE,0,FALSE
Valeriana rubra,10,B,308,TRUE,0,FALSE
Valeriana rubra,26,A,185,TRUE,0,FALSE
Verbascum nigrum,15,C,315,TRUE,1,TRUE
Verbascum nigrum,41,C,149,TRUE,2,TRUE
Verbascum nigrum,44,C,35,TRUE,0,FALSE
Verbena bonariensis,2,C,270,TRUE,2,TRUE
Verbena bonariensis,9,C,2373,TRUE,1,TRUE
Verbena bonariensis,12,C,68,TRUE,0,FALSE
Verbena bonariensis,58,C,66,TRUE,0,FALSE
Verbena officinalis,24,C,10,TRUE,0,FALSE
Verbena officinalis,56,C,48,TRUE,1,TRUE
Veronica arvensis,21,B,3,TRUE,0,FALSE
Veronica arvensis,54,A,10,TRUE,0,FALSE
Veronica austriaca,55,B,50,TRUE,1,TRUE
Veronica chamaedrys,13,A,14,TRUE,2,TRUE
Veronica chamaedrys,16,A,27,TRUE,0,FALSE
Veronica chamaedrys,20,A,9,TRUE,0,FALSE
Veronica chamaedrys,21,A,26,TRUE,0,FALSE
Veronica chamaedrys,29,A,11,TRUE,2,TRUE
Veronica chamaedrys,31,A,2,TRUE,0,FALSE
Veronica chamaedrys,31,B,39,TRUE,0,FALSE
Veronica chamaedrys,34,A,10,TRUE,1,TRUE
Veronica chamaedrys,35,A,2,TRUE,0,FALSE
Veronica chamaedrys,43,A,11,TRUE,0,FALSE
Veronica chamaedrys,44,A,107,TRUE,1,TRUE
Veronica chamaedrys,45,A,69,TRUE,3,TRUE
Veronica chamaedrys,46,A,28,TRUE,0,FALSE
Veronica chamaedrys,48,A,21,TRUE,0,FALSE
Veronica chamaedrys,57,A,423,TRUE,5,TRUE
Veronica chamaedrys,57,B,1,TRUE,0,FALSE
Veronica chamaedrys,60,A,31,TRUE,0,FALSE
Veronica filiformis,2,B,2,TRUE,0,FALSE
Veronica filiformis,4,B,3,TRUE,0,FALSE
Veronica filiformis,9,C,2,TRUE,0,FALSE
Veronica filiformis,10,A,8,TRUE,0,FALSE
Veronica filiformis,13,B,2,TRUE,0,FALSE
Veronica filiformis,14,A,129,TRUE,0,FALSE
Veronica filiformis,17,A,53,TRUE,0,FALSE
Veronica filiformis,18,A,6,TRUE,0,FALSE
Veronica filiformis,18,B,1,TRUE,0,FALSE
Veronica filiformis,19,A,10,TRUE,0,FALSE
Veronica filiformis,20,A,14,TRUE,0,FALSE
Veronica filiformis,22,B,15,TRUE,0,FALSE
Veronica filiformis,31,A,54,TRUE,0,FALSE
Veronica filiformis,34,A,15,TRUE,2,TRUE
Veronica filiformis,36,A,89,TRUE,1,TRUE
Veronica filiformis,47,B,1,TRUE,0,FALSE
Veronica filiformis,48,A,39,TRUE,0,FALSE
Veronica filiformis,48,B,3,TRUE,0,FALSE
Veronica filiformis,55,B,110,TRUE,0,FALSE
Veronica filiformis,59,A,32,TRUE,0,FALSE
Veronica hederifolia,5,B,2,TRUE,0,FALSE
Veronica hederifolia,46,B,5,TRUE,0,FALSE
Veronica longifolia,26,B,9,TRUE,0,FALSE
Veronica longifolia,26,C,135,TRUE,10,TRUE
Veronica persica,4,A,7,TRUE,0,FALSE
Veronica persica,13,A,11,TRUE,0,FALSE
Veronica persica,15,A,10,TRUE,0,FALSE
Veronica persica,22,A,17,TRUE,0,FALSE
Veronica persica,37,A,1,TRUE,0,FALSE
Veronica persica,38,A,33,TRUE,0,FALSE
Veronica persica,40,A,157,TRUE,1,TRUE
Veronica persica,42,A,24,TRUE,0,FALSE
Veronica persica,47,A,11,TRUE,0,FALSE
Veronica persica,50,A,18,TRUE,0,FALSE
Veronica persica,57,B,1,TRUE,0,FALSE
Veronica serpyllifolia,13,A,3,TRUE,0,FALSE
Veronica serpyllifolia,13,B,5,TRUE,0,FALSE
Veronica serpyllifolia,18,A,30,TRUE,0,FALSE
Veronica serpyllifolia,22,B,5,TRUE,0,FALSE
Veronica serpyllifolia,28,B,14,TRUE,0,FALSE
Veronica serpyllifolia,29,A,33,TRUE,0,FALSE
Veronica serpyllifolia,29,C,1,TRUE,0,FALSE
Veronica serpyllifolia,36,B,13,TRUE,0,FALSE
Veronica serpyllifolia,46,A,1,TRUE,0,FALSE
Veronica serpyllifolia,48,A,24,TRUE,0,FALSE
Veronica serpyllifolia,48,C,3,TRUE,0,FALSE
Veronica sublobata,43,A,7,TRUE,0,FALSE
Viburnum farreri,36,C,4,TRUE,0,FALSE
Viburnum lantana,23,A,270,TRUE,0,FALSE
Viburnum lantana,36,A,2050,TRUE,0,FALSE
Viburnum lantana,42,A,175,TRUE,0,FALSE
Viburnum opulus,59,A,2220,TRUE,0,FALSE
Viburnum tinus,42,A,1282,TRUE,6,TRUE
Vicia cracca,52,B,1932,TRUE,11,TRUE
Vicia cracca,54,A,1,TRUE,0,FALSE
Vicia faba,2,B,11,TRUE,0,FALSE
Vicia faba,6,A,17,TRUE,1,TRUE
Vicia faba,7,A,80,TRUE,1,TRUE
Vicia hirsuta,52,B,79,TRUE,0,FALSE
Vicia sativa,59,A,12,TRUE,0,FALSE
Vicia sativa,60,A,2,TRUE,0,FALSE
Vicia sepium,1,B,25,TRUE,0,FALSE
Vicia sepium,2,B,3,TRUE,0,FALSE
Vicia sepium,2,C,6,TRUE,0,FALSE
Vicia sepium,4,A,7,TRUE,2,TRUE
Vicia sepium,12,A,19,TRUE,1,TRUE
Vicia sepium,12,B,39,TRUE,3,TRUE
Vicia sepium,14,A,39,TRUE,1,TRUE
Vicia sepium,15,A,1,TRUE,0,FALSE
Vicia sepium,15,C,3,TRUE,0,FALSE
Vicia sepium,17,B,10,TRUE,1,TRUE
Vicia sepium,20,A,22,TRUE,1,TRUE
Vicia sepium,20,B,6,TRUE,1,TRUE
Vicia sepium,21,A,29,TRUE,0,FALSE
Vicia sepium,21,C,3,TRUE,0,FALSE
Vicia sepium,23,B,7,TRUE,0,FALSE
Vicia sepium,27,A,8,TRUE,1,TRUE
Vicia sepium,31,B,27,TRUE,1,TRUE
Vicia sepium,34,C,3,TRUE,0,FALSE
Vicia sepium,35,B,14,TRUE,3,TRUE
Vicia sepium,35,C,2,TRUE,0,FALSE
Vicia sepium,37,A,74,TRUE,1,TRUE
Vicia sepium,43,A,3,TRUE,0,FALSE
Vicia sepium,43,B,5,TRUE,0,FALSE
Vicia sepium,44,A,51,TRUE,0,FALSE
Vicia sepium,44,B,1,TRUE,0,FALSE
Vicia sepium,46,A,35,TRUE,0,FALSE
Vicia sepium,47,B,2,TRUE,1,TRUE
Vicia sepium,51,A,34,TRUE,5,TRUE
Vicia sepium,51,B,81,TRUE,2,TRUE
Vicia sepium,53,A,34,TRUE,2,TRUE
Vicia sepium,56,A,7,TRUE,0,FALSE
Vicia sepium,56,B,17,TRUE,1,TRUE
Vicia sepium,56,C,16,TRUE,3,TRUE
Vicia sepium,57,A,47,TRUE,5,TRUE
Vicia sepium,57,B,74,TRUE,1,TRUE
Vicia sepium,57,C,29,TRUE,4,TRUE
Vicia sepium,58,A,225,TRUE,17,TRUE
Vicia sepium,58,B,60,TRUE,7,TRUE
Vicia sepium,60,A,12,TRUE,0,FALSE
Vinca minor,36,A,3,TRUE,0,FALSE
Viola canina,19,A,10,TRUE,0,FALSE
Viola cornuta,29,B,21,TRUE,0,FALSE
Viola cornuta,32,A,13,TRUE,0,FALSE
Viola corsica,9,A,5,TRUE,0,FALSE
Viola odorata,9,A,14,TRUE,0,FALSE
Viola reichenbachiana,11,B,1,TRUE,0,FALSE
Viola reichenbachiana,12,B,4,TRUE,0,FALSE
Viola reichenbachiana,32,A,1,TRUE,0,FALSE
Viola reichenbachiana,43,B,4,TRUE,0,FALSE
Viola riviniana,34,A,3,TRUE,0,FALSE
Viola tricolor,11,A,79,TRUE,0,FALSE
Viola tricolor,11,B,50,TRUE,0,FALSE
Viola tricolor,11,C,3,TRUE,1,TRUE
Viola tricolor,29,C,1,TRUE,0,FALSE
Waldsteinia ternata,34,A,21,TRUE,0,FALSE
Weigela florida,44,B,50,TRUE,0,FALSE
Wisteria floribunda,12,B,576,TRUE,2,TRUE
Wisteria sinensis,17,C,100,TRUE,0,FALSE
