plant,n_site_periods_present,n_sites_present,n_periods_present,n_site_periods_with_bee,n_site_periods_without_bee,total_bee_visits,mean_floral_abundance,sd_floral_abundance,max_site_period_visits,balance_score,max_site_period_share,abundance_cv,in_botgarden,feasibility_rank,feasibility_tier,preferred_tier,flag_low_balance,flag_low_periods,flag_high_concentration,flag_low_sites,fragility_score
Bellis perennis,82,37,3,28,54,54,76.70731707317073,116.92526766017855,5,28,0.09259259259259259,1.5243039663171132,TRUE,1,preferred,TRUE,FALSE,FALSE,FALSE,FALSE,0
Trifolium pratense,64,29,3,38,26,91,470.59375,681.6469485738199,10,26,0.10989010989010989,1.4484827913116567,TRUE,2,preferred,TRUE,FALSE,FALSE,FALSE,FALSE,0
Vicia sepium,39,25,3,22,17,64,27.692307692307693,39.218788358692144,17,17,0.265625,1.4162340240638829,TRUE,3,preferred,TRUE,FALSE,FALSE,FALSE,FALSE,0
Plantago lanceolata,52,29,3,14,38,27,138.09615384615384,215.69116080095202,5,14,0.18518518518518517,1.5618911518798921,TRUE,4,preferred,TRUE,FALSE,FALSE,FALSE,FALSE,0
Lotus corniculatus,38,21,3,24,14,107,101.52631578947368,191.74148373802615,20,14,0.18691588785046728,1.8885890051956955,TRUE,5,preferred,TRUE,FALSE,FALSE,FALSE,FALSE,0
Ranunculus repens,32,23,3,13,19,41,34.96875,41.334578491043764,19,13,0.4634146341463415,1.1820433527376233,TRUE,6,preferred,TRUE,FALSE,FALSE,FALSE,FALSE,0
Trifolium repens,57,34,3,45,12,476,715.6315789473684,1053.8840176017432,99,12,0.20798319327731093,1.472662817859316,TRUE,7,preferred,TRUE,FALSE,FALSE,FALSE,FALSE,0
Medicago lupulina,44,26,3,11,33,19,844.7954545454545,2712.975716120203,6,11,0.3157894736842105,3.2113995186916933,TRUE,8,preferred,TRUE,FALSE,FALSE,FALSE,FALSE,0
Taraxacum officinale,25,20,3,11,14,61,9.24,16.951597761469763,16,11,0.26229508196721313,1.8345885023235675,TRUE,9,preferred,TRUE,FALSE,FALSE,FALSE,FALSE,0
Ranunculus acris,22,17,3,12,10,47,47.59090909090909,64.2981589686147,7,10,0.14893617021276595,1.3510596917951512,TRUE,10,preferred,TRUE,FALSE,FALSE,FALSE,FALSE,0
Leucanthemum vulgare,26,18,3,9,17,25,26.884615384615383,28.871199383575213,7,9,0.28,1.073892967057161,TRUE,11,preferred,TRUE,FALSE,FALSE,FALSE,FALSE,0
Prunella vulgaris,24,22,2,16,8,107,177.625,240.8257195025337,21,8,0.19626168224299065,1.3558098212669034,TRUE,12,good,FALSE,FALSE,TRUE,FALSE,FALSE,1
Ajuga reptans,19,18,2,8,11,134,542.6842105263158,1579.3483203394571,103,8,0.7686567164179104,2.910252942144281,TRUE,13,reserve,FALSE,FALSE,TRUE,TRUE,FALSE,2
Medicago sativa,18,15,2,11,7,67,379.27777777777777,452.1540348618268,21,7,0.31343283582089554,1.1921448114124626,TRUE,14,good,FALSE,FALSE,TRUE,FALSE,FALSE,1
Geum urbanum,26,19,3,6,20,7,7.230769230769231,6.439302398910567,2,6,0.2857142857142857,0.8905418211259295,TRUE,15,good,FALSE,FALSE,FALSE,FALSE,FALSE,0
Veronica chamaedrys,17,15,2,6,11,14,48.88235294117647,100.08051905399795,5,6,0.35714285714285715,2.047375239371799,TRUE,16,good,FALSE,FALSE,TRUE,FALSE,FALSE,1
Rhinanthus alectorolophus,20,14,3,14,6,45,217.05,370.87329017930244,9,6,0.2,1.708699793500587,TRUE,17,preferred,TRUE,FALSE,FALSE,FALSE,FALSE,0
Aquilegia vulgaris,13,12,2,7,6,16,28.23076923076923,21.871419120829227,7,6,0.4375,0.7747369170865939,TRUE,18,good,FALSE,FALSE,TRUE,FALSE,FALSE,1
Glechoma hederacea,15,15,2,5,10,13,25.8,28.020910559284626,6,5,0.46153846153846156,1.086081804623435,TRUE,19,good,FALSE,FALSE,TRUE,FALSE,FALSE,1
Achillea millefolium,15,13,3,10,5,43,296.53333333333336,354.79649431885935,18,5,0.4186046511627907,1.1964809835393186,TRUE,20,preferred,TRUE,FALSE,FALSE,FALSE,FALSE,0
Potentilla reptans,14,13,2,5,9,13,4.142857142857143,4.469678062010952,6,5,0.46153846153846156,1.078887808071609,TRUE,21,good,FALSE,FALSE,TRUE,FALSE,FALSE,1
Anthyllis vulneraria,11,8,2,5,6,10,548,774.7966184748099,3,5,0.3,1.4138624424722808,TRUE,22,good,FALSE,FALSE,TRUE,FALSE,FALSE,1
Fragaria vesca,19,15,3,4,15,5,11.894736842105264,13.328727274583793,2,4,0.4,1.1205567177747435,TRUE,23,good,FALSE,FALSE,FALSE,FALSE,FALSE,0
Geranium sanguineum,14,8,3,10,4,44,32,29.654419828831845,21,4,0.4772727272727273,0.9267006196509951,TRUE,24,good,FALSE,FALSE,FALSE,FALSE,FALSE,0
Hypochaeris radicata,10,8,2,4,6,10,9.8,15.929009176133127,6,4,0.6,1.625409099605421,FALSE,25,good,FALSE,FALSE,TRUE,FALSE,FALSE,1
Calendula officinalis,11,6,3,4,7,18,13.363636363636363,12.25783608368726,8,4,0.4444444444444444,0.9172530402759175,FALSE,26,good,FALSE,FALSE,FALSE,FALSE,FALSE,0
Onobrychis viciifolia,14,10,3,11,3,147,240.21428571428572,502.37301167274387,30,3,0.20408163265306123,2.091353601968009,TRUE,27,good,FALSE,FALSE,FALSE,FALSE,FALSE,0
Aegopodium podagraria,10,9,2,7,3,114,3143.1,6361.257448195461,43,3,0.37719298245614036,2.0238800700567787,TRUE,28,good,FALSE,FALSE,TRUE,FALSE,FALSE,1
Nigella damascena,13,8,3,10,3,83,27.76923076923077,36.53572189459207,27,3,0.3253012048192771,1.3156908161487448,TRUE,29,good,FALSE,FALSE,FALSE,FALSE,FALSE,0
Geranium pyrenaicum,11,8,3,3,8,13,12.363636363636363,10.442918435693418,7,3,0.5384615384615384,0.8446478146516735,TRUE,30,good,FALSE,FALSE,FALSE,FALSE,FALSE,0
Myosotis arvensis,7,5,3,3,4,14,438.57142857142856,554.9906477118502,8,3,0.5714285714285714,1.2654509882680625,TRUE,31,good,FALSE,FALSE,FALSE,FALSE,FALSE,0
Geranium nodosum,6,4,3,3,3,24,28.5,33.74462920228936,18,3,0.75,1.184022077273311,TRUE,32,good,FALSE,FALSE,FALSE,TRUE,FALSE,1
Trifolium dubium,25,19,3,2,23,6,610,1011.7703543788975,5,2,0.8333333333333334,1.6586399252113075,TRUE,33,reserve,FALSE,TRUE,FALSE,TRUE,FALSE,2
Centaurea jacea,20,14,3,18,2,159,14.3,14.607496273092835,25,2,0.15723270440251572,1.0215032358806178,TRUE,34,good,FALSE,TRUE,FALSE,FALSE,FALSE,1
Salvia pratensis,18,13,3,16,2,72,81.33333333333333,77.92907786231393,13,2,0.18055555555555555,0.9581443999464828,TRUE,35,good,FALSE,TRUE,FALSE,FALSE,FALSE,1
Scabiosa columbaria,11,8,2,9,2,46,5.454545454545454,5.222329678670935,12,2,0.2608695652173913,0.9574271077563381,TRUE,36,reserve,FALSE,TRUE,TRUE,FALSE,FALSE,2
Helianthemum nummularium,10,7,3,8,2,23,50.9,110.28795642921911,8,2,0.34782608695652173,2.1667574936978213,TRUE,37,good,FALSE,TRUE,FALSE,FALSE,FALSE,1
Galium verum,8,7,2,2,6,16,2978.75,5108.551954461124,15,2,0.9375,1.71499855793911,TRUE,38,reserve,FALSE,TRUE,TRUE,TRUE,FALSE,3
Erigeron annuus,7,7,2,2,5,11,316.2857142857143,770.2810556945464,10,2,0.9090909090909091,2.4353962917171748,TRUE,39,reserve,FALSE,TRUE,TRUE,TRUE,FALSE,3
Centaurea scabiosa,9,6,3,7,2,48,7.666666666666667,11.672617529928752,26,2,0.5416666666666666,1.5225153299907068,TRUE,40,good,FALSE,TRUE,FALSE,FALSE,FALSE,1
Centaurea montana,9,6,3,7,2,33,6.888888888888889,7.573711845001176,7,2,0.21212121212121213,1.0994097839517836,TRUE,41,good,FALSE,TRUE,FALSE,FALSE,FALSE,1
Valeriana rubra,9,6,3,2,7,6,147.11111111111111,73.84179785941775,4,2,0.6666666666666666,0.5019457558419635,FALSE,42,good,FALSE,TRUE,FALSE,FALSE,FALSE,1
Echium vulgare,8,6,3,6,2,114,122.875,174.43823098326646,70,2,0.6140350877192983,1.4196397231598492,TRUE,43,good,FALSE,TRUE,FALSE,FALSE,FALSE,1
Lavandula angustifolia,6,6,2,4,2,69,248.16666666666666,348.8566563313171,28,2,0.4057971014492754,1.40573535123432,TRUE,44,reserve,FALSE,TRUE,TRUE,FALSE,FALSE,2
Knautia arvensis,7,5,3,5,2,41,9,8.465616732800196,25,2,0.6097560975609756,0.9406240814222441,TRUE,45,good,FALSE,TRUE,FALSE,FALSE,FALSE,1
Allium schoenoprasum,5,5,2,3,2,13,477.4,462.42761595735175,8,2,0.6153846153846154,0.9686376538696099,TRUE,46,reserve,FALSE,TRUE,TRUE,FALSE,FALSE,2
Hydrangea macrophylla,5,5,2,2,3,5,344.8,200.72543436246437,3,2,0.6,0.5821503316776808,TRUE,47,reserve,FALSE,TRUE,TRUE,FALSE,FALSE,2
Geranium endressii,6,4,3,4,2,14,11.5,10.578279633286312,5,2,0.35714285714285715,0.919850402894462,TRUE,48,good,FALSE,TRUE,FALSE,FALSE,FALSE,1
Melilotus officinalis,5,4,2,3,2,44,69.6,117.15502550040267,36,2,0.8181818181818182,1.6832618606379697,TRUE,49,reserve,FALSE,TRUE,TRUE,TRUE,FALSE,3
Linaria purpurea,5,4,2,3,2,6,53,20.566963801203133,4,2,0.6666666666666666,0.38805592077741763,FALSE,50,reserve,FALSE,TRUE,TRUE,FALSE,FALSE,2
Thymus serpyllum,5,3,2,3,2,19,376,434.6901195104393,9,2,0.47368421052631576,1.156090743378828,TRUE,51,reserve,FALSE,TRUE,TRUE,FALSE,FALSE,2
